,Team_x,Athlete,Year
0,AUS,Kaylee Mckeown,2020
1,CAN,Kylie Masse,2020
2,USA,Regan Smith,2020
3,USA,Rhyan Elizabeth White,2020
4,AUS,Emily Seebohm,2020
5,GBR,Kathleen Dawson,2020
6,NED,Kira Toussaint,2020
7,ISR,Anastasya Gorbenko,2020
8,USA,Lydia Jacoby,2020
9,RSA,Tatjana Schoenmaker,2020
10,USA,Lilly King,2020
11,ROC,Evgeniia Chikunova,2020
12,ROC,Yuliya Efimova,2020
13,SWE,Sophie Hansson,2020
14,ITA,Martina Carraro,2020
15,IRL,Mona Mc Sharry,2020
16,CAN,Margaret Mac Neil,2020
17,CHN,Yufei Zhang,2020
18,AUS,Emma Mckeon,2020
19,USA,Torri Huske,2020
20,SWE,Louise Hansson,2020
21,FRA,Marie Wattel,2020
22,SWE,Sarah Sjoestroem,2020
23,BLR,Anastasiya Shkurdai,2020
24,AUS,Emma Mckeon,2020
25,HKG,Siobhan Bernadette Haughey,2020
26,AUS,Cate Campbell,2020
27,CAN,Penny Oleksiak,2020
28,SWE,Sarah Sjoestroem,2020
29,NED,Femke Heemskerk,2020
30,GBR,Anna Hopkin,2020
31,USA,Abbey Weitzeil,2020
32,USA,Katie Ledecky,2020
33,USA,Erica Sullivan,2020
34,GER,Sarah Kohler,2020
35,CHN,Jianjiahe Wang,2020
36,ITA,Simona Quadarella,2020
37,AUS,Kiah Melverton,2020
38,ROC,Anastasiia Kirpichnikova,2020
39,AUS,Maddy Gough,2020
40,AUS,Kaylee Mckeown,2020
41,CAN,Kylie Masse,2020
42,AUS,Emily Seebohm,2020
43,USA,Rhyan Elizabeth White,2020
44,USA,Phoebe Bacon,2020
45,CAN,Taylor Madison Ruck,2020
46,CHN,Xuwei Peng,2020
47,CHN,Yaxin Liu,2020
48,RSA,Tatjana Schoenmaker,2020
49,USA,Lilly King,2020
50,USA,Annie Lazor,2020
51,ROC,Evgeniia Chikunova,2020
52,RSA,Kaylene Corbett,2020
53,GBR,Molly Renshaw,2020
54,GBR,Abbie Wood,2020
55,BEL,Fanny Lecluyse,2020
56,CHN,Yufei Zhang,2020
57,USA,Regan Smith,2020
58,USA,Hali Flickinger,2020
59,HUN,Boglarka Kapas,2020
60,ROC,Svetlana Chimrova,2020
61,CHN,Liyan Yu,2020
62,GBR,Alys Margaret Thomas,2020
63,AUS,Brianna Throssell,2020
64,AUS,Ariarne Titmus,2020
65,HKG,Siobhan Bernadette Haughey,2020
66,CAN,Penny Oleksiak,2020
67,CHN,Junxuan Yang,2020
68,USA,Katie Ledecky,2020
69,CZE,Barbora Seemanova,2020
70,ITA,Federica Pellegrini,2020
71,AUS,Madison Wilson,2020
72,JPN,Yui Ohashi,2020
73,USA,Alex Walsh,2020
74,USA,Kate Douglass,2020
75,GBR,Abbie Wood,2020
76,CHN,Yiting Yu,2020
77,CAN,Sydney Pickrem,2020
78,HUN,Katinka Hosszu,2020
79,GBR,Alicia Wilson,2020
80,AUS,Ariarne Titmus,2020
81,USA,Katie Ledecky,2020
82,CHN,Bingjie Li,2020
83,CAN,Summer Mcintosh,2020
84,CHN,Muhan Tang,2020
85,GER,Isabel Gose,2020
86,USA,Paige Madden,2020
87,NZL,Erika Fairweather,2020
88,AUS,Ariarne Titmus,2020
89,USA,Katie Ledecky,2020
90,CHN,Bingjie Li,2020
91,CAN,Summer Mcintosh,2020
92,CHN,Muhan Tang,2020
93,GER,Isabel Gose,2020
94,USA,Paige Madden,2020
95,NZL,Erika Fairweather,2020
96,AUS,Emma Mckeon,2020
97,SWE,Sarah Sjoestroem,2020
98,DEN,Pernille Blume,2020
99,NED,Ranomi Kromowidjojo,2020
100,POL,Katarzyna Wasick,2020
101,CHN,Qingfeng Wu,2020
102,AUS,Cate Campbell,2020
103,USA,Abbey Weitzeil,2020
104,USA,Katie Ledecky,2020
105,AUS,Ariarne Titmus,2020
106,ITA,Simona Quadarella,2020
107,USA,Katie Grimes,2020
108,CHN,Jianjiahe Wang,2020
109,AUS,Kiah Melverton,2020
110,GER,Sarah Kohler,2020
111,ROC,Anastasiia Kirpichnikova,2020
112,HUN,Katinka Hosszu,2016
113,USA,Kathleen Baker,2016
114,CAN,Kylie Masse,2016
115,CHN,Yuanhui Fu,2016
116,DEN,Mie Nielsen,2016
117,USA,Olivia Smoliga,2016
118,AUS,Emily Seebohm,2016
119,AUS,Madison Wilson,2016
120,USA,Lilly King,2016
121,RUS,Yuliya Efimova,2016
122,USA,Katie Meili,2016
123,CHN,Jinglin Shi,2016
124,CAN,Rachel Nicol,2016
125,ISL,Hrafnhildur Luthersdottir,2016
126,LTU,Ruta Meilutyte,2016
127,JAM,Alia Atkinson,2016
128,SWE,Sarah Sjostrom,2016
129,CAN,Penny Oleksiak,2016
130,USA,Dana Vollmer,2016
131,CHN,Ying Lu,2016
132,JPN,Rikako Ikee,2016
133,AUS,Emma Mckeon,2016
134,DEN,Jeanette Ottesen,2016
135,USA,Kelsi Worrell,2016
136,USA,Simone Manuel,2016
137,CAN,Penny Oleksiak,2016
138,SWE,Sarah Sjostrom,2016
139,AUS,Bronte Campbell,2016
140,NED,Ranomi Kromowidjojo,2016
141,AUS,Cate Campbell,2016
142,USA,Abbey Weitzeil,2016
143,DEN,Jeanette Ottesen,2016
144,USA,Madeline Dirado,2016
145,HUN,Katinka Hosszu,2016
146,CAN,Hilary Caldwell,2016
147,RUS,Daria Ustinova,2016
148,AUS,Belinda Hocking,2016
149,ZIM,Kirsty Leigh Coventry,2016
150,CHN,Yaxin Liu,2016
151,ISL,Eyglo Gustafsdottir,2016
152,ESP,Mireia Belmonte,2016
153,AUS,Madeline Groves,2016
154,JPN,Natsumi Hoshi,2016
155,USA,Cammile Adams,2016
156,CHN,Yilin Zhou,2016
157,CHN,Yufei Zhang,2016
158,USA,Hali Flickinger,2016
159,AUS,Brianna Throssell,2016
160,USA,Katie Ledecky,2016
161,SWE,Sarah Sjostrom,2016
162,AUS,Emma Mckeon,2016
163,ITA,Federica Pellegrini,2016
164,CHN,Duo Shen,2016
165,AUS,Bronte Barratt,2016
166,SWE,Michelle Coleman,2016
167,FRA,Charlotte Bonnet,2016
168,HUN,Katinka Hosszu,2016
169,GBR,Siobhan-Marie Oconnor,2016
170,USA,Madeline Dirado,2016
171,USA,Melanie Margalis,2016
172,AUS,Alicia Coutts,2016
173,CAN,Sydney Pickrem,2016
174,RUS,Viktoriya Andreyeva,2016
175,CHN,Shiwen Ye,2016
176,USA,Katie Ledecky,2016
177,GBR,Jazz Carlin,2016
178,USA,Leah Smith,2016
179,HUN,Boglarka Kapas,2016
180,CAN,Brittany Maclean,2016
181,AUS,Tamsin Cook,2016
182,AUS,Jessica Ashwood,2016
183,FRA,Coralie Balmy,2016
184,HUN,Katinka Hosszu,2016
185,USA,Madeline Dirado,2016
186,ESP,Mireia Belmonte,2016
187,GBR,Hannah Miley,2016
188,CAN,Emily Overholt,2016
189,USA,Elizabeth Beisel,2016
190,GBR,Aimee Willmott,2016
191,JPN,Sakiko Shimizu,2016
192,AUS,Emma Mckeon,2016
192,AUS,Madison Wilson,2016
192,AUS,Bronte Campbell,2016
192,AUS,Brittany Elmslie,2016
192,AUS,Cate Campbell,2016
193,USA,Simone Manuel,2016
193,USA,Lia Neal,2016
193,USA,Dana Vollmer,2016
193,USA,Allison Schmitt,2016
193,USA,Amanda Weir,2016
193,USA,Katie Ledecky,2016
193,USA,Abbey Weitzeil,2016
194,CAN,Chantal Van Landeghem,2016
194,CAN,Penny Oleksiak,2016
194,CAN,Sandrine Mainville,2016
194,CAN,Taylor Madison Ruck,2016
194,CAN,Michelle Williams,2016
195,NZ,Maud Van Der Meer,2016
195,NZ,Ranomi Kromowidjojo,2016
195,NZ,Marrit Steenbergen,2016
195,NZ,Inge Dekker,2016
195,NZ,Femke Heemskerk,2016
196,SWE,Sarah Sjostrom,2016
196,SWE,Michelle Coleman,2016
196,SWE,Louise Hansson,2016
196,SWE,Ida Lindborg,2016
196,SWE,Ida Marko-Varga,2016
197,NL,Erika Ferraioli,2016
197,NL,Aglaia Pezzato,2016
197,NL,Federica Pellegrini,2016
197,NL,Silvia Di Pietro,2016
198,FRA,Mathilde Cini,2016
198,FRA,Beryl Gastaldello,2016
198,FRA,Anna Santamans,2016
198,FRA,Charlotte Bonnet,2016
199,JPN,Yayoi Matsumoto,2016
199,JPN,Rikako Ikee,2016
199,JPN,Miki Uchida,2016
199,JPN,Misaki Yamaguchi,2016
200,USA,Kathleen Baker,2016
200,USA,Lilly King,2016
200,USA,Kelsi Worrell,2016
200,USA,Katie Meili,2016
200,USA,Dana Vollmer,2016
200,USA,Olivia Smoliga,2016
200,USA,Simone Manuel,2016
200,USA,Abbey Weitzeil,2016
201,AUS,Madison Wilson,2016
201,AUS,Emily Seebohm,2016
201,AUS,Taylor Mckeown,2016
201,AUS,Emma Mckeon,2016
201,AUS,Brittany Elmslie,2016
201,AUS,Madeline Groves,2016
201,AUS,Cate Campbell,2016
202,DEN,Rikke Moller Pedersen,2016
202,DEN,Mie Nielsen,2016
202,DEN,Jeanette Ottesen,2016
202,DEN,Pernille Blume,2016
203,CHN,,2016
204,CAN,,2016
205,RUS,,2016
206,GBR,,2016
207,ITA,Ilaria Bianchi,2016
207,ITA,Carlotta Zofkova,2016
207,ITA,Federica Pellegrini,2016
207,ITA,Arianna Castiglioni,2016
208,USA,Katie Ledecky,2016
208,USA,Allison Schmitt,2016
208,USA,Madeline Dirado,2016
208,USA,Leah Smith,2016
208,USA,Missy Franklin,2016
208,USA,Melanie Margalis,2016
208,USA,Cierra Runge,2016
209,AUS,Jessica Ashwood,2016
209,AUS,Bronte Barratt,2016
209,AUS,Emma Mckeon,2016
209,AUS,Tamsin Cook,2016
209,AUS,Leah Neale,2016
210,CAN,Emily Overholt,2016
210,CAN,Taylor Madison Ruck,2016
210,CAN,Penny Oleksiak,2016
210,CAN,Brittany Maclean,2016
210,CAN,Katerine Savard,2016
210,CAN,Kennedy Goss,2016
211,CHN,Yuhan Zhang,2016
211,CHN,Jie Dong,2016
211,CHN,Duo Shen,2016
211,CHN,Yanhan Ai,2016
211,CHN,Shijia Wang,2016
212,SWE,Michelle Coleman,2016
212,SWE,Louise Hansson,2016
212,SWE,Ida Marko-Varga,2016
212,SWE,Sarah Sjostrom,2016
213,HUN,Zsuzsanna Jakabos,2016
213,HUN,Evelin Verraszto,2016
213,HUN,Ajna Kesely,2016
213,HUN,Boglarka Kapas,2016
213,HUN,Katinka Hosszu,2016
214,RUS,Arina Openysheva,2016
214,RUS,Daria Ustinova,2016
214,RUS,Veronika Popova,2016
215,JPN,Rikako Ikee,2016
215,JPN,Chihiro Igarashi,2016
215,JPN,Sachi Mochida,2016
215,JPN,Tomomi Aoki,2016
216,DEN,Pernille Blume,2016
217,USA,Simone Manuel,2016
218,BLR,Aliaksandra Herasimenia,2016
219,GBR,Francesca Halsall,2016
220,AUS,Cate Campbell,2016
221,NED,Ranomi Kromowidjojo,2016
222,AUS,Bronte Campbell,2016
223,BRA,Etiene Medeiros,2016
224,USA,Katie Ledecky,2016
225,GBR,Jazz Carlin,2016
226,HUN,Boglarka Kapas,2016
227,ESP,Mireia Belmonte,2016
228,AUS,Jessica Ashwood,2016
229,USA,Leah Smith,2016
230,DEN,Lotte Friis,2016
231,GER,Sarah Kohler,2016
232,USA,Missy Franklin,2012
233,AUS,Emily Seebohm,2012
234,JPN,Aya Terakawa,2012
235,RUS,Anastasia Zueva,2012
236,GBR,Gemma Spofforth,2012
237,CHN,Jing Zhao,2012
238,AUS,Belinda Hocking,2012
239,CHN,Yuanhui Fu,2012
240,LTU,Ruta Meilutyte,2012
241,USA,Rebecca Soni,2012
242,JPN,Satomi Suzuki,2012
243,JAM,Alia Atkinson,2012
244,AUS,Leisel Jones,2012
245,USA,Breeja Larson,2012
246,RUS,Yuliya Efimova,2012
247,DEN,Rikke Moller Pedersen,2012
248,USA,Dana Vollmer,2012
249,CHN,Ying Lu,2012
250,AUS,Alicia Coutts,2012
251,SWE,Sarah Sjostrom,2012
252,ITA,Ilaria Bianchi,2012
253,DEN,Jeanette Ottesen,2012
254,USA,Claire Donahue,2012
255,GBR,Ellen Gandy,2012
256,NED,Ranomi Kromowidjojo,2012
257,BLR,Aliaksandra Herasimenia,2012
258,CHN,Yi Tang,2012
259,AUS,Melanie Schlanger,2012
260,USA,Missy Franklin,2012
261,GBR,Francesca Halsall,2012
262,DEN,Jeanette Ottesen,2012
263,USA,Jessica Hardy,2012
264,USA,Missy Franklin,2012
265,RUS,Anastasia Zueva,2012
266,USA,Elizabeth Beisel,2012
267,GBR,Elizabeth Simmonds,2012
268,AUS,Meagen Nay,2012
269,ZIM,Kirsty Leigh Coventry,2012
270,FRA,Alexianne Castel,2012
271,CAN,Sinead Russell,2012
272,USA,Rebecca Soni,2012
273,JPN,Satomi Suzuki,2012
274,RUS,Yuliya Efimova,2012
275,DEN,Rikke Moller Pedersen,2012
276,CAN,Martha Mccabe,2012
277,USA,Micah Lawrence,2012
278,RSA,Suzaan Van Biljon,2012
279,AUS,Sally Foster,2012
280,CHN,Liuyang Jiao,2012
281,ESP,Mireia Belmonte,2012
282,JPN,Natsumi Hoshi,2012
283,USA,Kathleen Hersey,2012
284,USA,Cammile Adams,2012
285,GBR,Jemma Lowe,2012
286,HUN,Zsuzsanna Jakabos,2012
287,CHN,Zige Liu,2012
288,USA,Allison Schmitt,2012
289,FRA,Camille Muffat,2012
290,AUS,Bronte Barratt,2012
291,USA,Missy Franklin,2012
292,ITA,Federica Pellegrini,2012
293,RUS,Veronika Popova,2012
294,GBR,Caitlin Mcclatchey,2012
295,AUS,Kylie Palmer,2012
296,CHN,Shiwen Ye,2012
297,AUS,Alicia Coutts,2012
298,USA,Caitlin Leverenz,2012
299,AUS,Stephanie Rice,2012
300,USA,Ariana Kukors,2012
301,ZIM,Kirsty Leigh Coventry,2012
302,GBR,Hannah Miley,2012
303,HUN,Katinka Hosszu,2012
304,FRA,Camille Muffat,2012
305,USA,Allison Schmitt,2012
306,GBR,Rebecca Adlington,2012
307,DEN,Lotte Friis,2012
308,ITA,Federica Pellegrini,2012
309,FRA,Coralie Balmy,2012
310,CAN,Brittany Maclean,2012
311,NZL,Lauren Boyle,2012
312,CHN,Shiwen Ye,2012
313,USA,Elizabeth Beisel,2012
314,CHN,Xuanxu Li,2012
315,HUN,Katinka Hosszu,2012
316,GBR,Hannah Miley,2012
317,AUS,Stephanie Rice,2012
318,USA,Caitlin Leverenz,2012
319,ESP,Mireia Belmonte,2012
320,AUS,Libby Trickett,2012
320,AUS,Brittany Elmslie,2012
320,AUS,Yolane Kukla,2012
320,AUS,Melanie Schlanger,2012
320,AUS,Emily Seebohm,2012
320,AUS,Alicia Coutts,2012
320,AUS,Cate Campbell,2012
321,NLD,Ranomi Kromowidjojo,2012
321,NLD,Hinkelien Schreuder,2012
321,NLD,Inge Dekker,2012
321,NLD,Marleen Veldhuis,2012
321,NLD,Femke Heemskerk,2012
322,USA,Jessica Hardy,2012
322,USA,Lia Neal,2012
322,USA,Amanda Weir,2012
322,USA,Allison Schmitt,2012
322,USA,Natalie Coughlin,2012
322,USA,Missy Franklin,2012
323,CHN,Yi Tang,2012
323,CHN,Jiaying Pang,2012
323,CHN,Yuhan Qiu,2012
323,CHN,Haibing Wang,2012
323,CHN,Shijia Wang,2012
324,GBR,Jess Lloyd,2012
324,GBR,Rebecca Turner,2012
324,GBR,Amy Smith,2012
324,GBR,Caitlin Mcclatchey,2012
324,GBR,Francesca Halsall,2012
325,DEN,Lotte Friis,2012
325,DEN,Mie Nielsen,2012
325,DEN,Jeanette Ottesen,2012
325,DEN,Pernille Blume,2012
326,JPN,Hanae Ito,2012
326,JPN,Haruka Ueda,2012
326,JPN,Miki Uchida,2012
326,JPN,Yayoi Matsumoto,2012
327,SWE,Michelle Coleman,2012
327,SWE,Gabriella Fagundez,2012
327,SWE,Sarah Sjostrom,2012
327,SWE,Ida Marko-Varga,2012
328,USA,Jessica Hardy,2012
328,USA,Allison Schmitt,2012
328,USA,Rebecca Soni,2012
328,USA,Dana Vollmer,2012
328,USA,Breeja Larson,2012
328,USA,Claire Donahue,2012
328,USA,Rachel Bootsma,2012
328,USA,Missy Franklin,2012
329,AUS,Brittany Elmslie,2012
329,AUS,Alicia Coutts,2012
329,AUS,Melanie Schlanger,2012
329,AUS,Leisel Jones,2012
329,AUS,Emily Seebohm,2012
330,JPN,Aya Terakawa,2012
330,JPN,Yuka Kato,2012
330,JPN,Haruka Ueda,2012
330,JPN,Satomi Suzuki,2012
331,RUS,Yuliya Efimova,2012
331,RUS,Irina Bespalova,2012
331,RUS,Anastasia Zueva,2012
331,RUS,Maria Gromova,2012
331,RUS,Veronika Popova,2012
332,CHN,Liuyang Jiao,2012
332,CHN,Yi Tang,2012
332,CHN,Liping Ji,2012
332,CHN,Chang Gao,2012
332,CHN,Ying Lu,2012
332,CHN,Ye Sun,2012
332,CHN,Jing Zhao,2012
333,NLD,Femke Heemskerk,2012
333,NLD,Sharon Van Rouwendaal,2012
333,NLD,Inge Dekker,2012
333,NLD,Moniek Nijhuis,2012
333,NLD,Ranomi Kromowidjojo,2012
334,DEN,Pernille Blume,2012
334,DEN,Mie Nielsen,2012
334,DEN,Jeanette Ottesen,2012
334,DEN,Rikke Moller Pedersen,2012
335,GBR,Gemma Spofforth,2012
335,GBR,Francesca Halsall,2012
335,GBR,Ellen Gandy,2012
335,GBR,Amy Smith,2012
335,GBR,Jemma Lowe,2012
335,GBR,Siobhan-Marie Oconnor,2012
336,USA,Allison Schmitt,2012
336,USA,Alyssa Anderson,2012
336,USA,Missy Franklin,2012
336,USA,Lauren Perdue,2012
336,USA,Shannon Vreeland,2012
336,USA,Dana Vollmer,2012
337,AUS,Jade Neilsen,2012
337,AUS,Melanie Schlanger,2012
337,AUS,Brittany Elmslie,2012
337,AUS,Angie Bainbridge,2012
337,AUS,Blair Evans,2012
337,AUS,Kylie Palmer,2012
337,AUS,Alicia Coutts,2012
337,AUS,Bronte Barratt,2012
338,FRA,Mylene Lazare,2012
338,FRA,Ophelie-Cyrielle Etienne,2012
338,FRA,Coralie Balmy,2012
338,FRA,Camille Muffat,2012
338,FRA,Charlotte Bonnet,2012
338,FRA,Margaux Farrell,2012
339,CAN,Amanda Reason,2012
339,CAN,Barbara Jardin,2012
339,CAN,Brittany Maclean,2012
339,CAN,Samantha Cheverton,2012
340,GBR,Ellie Faulkner,2012
340,GBR,Caitlin Mcclatchey,2012
340,GBR,Joanne Jackson,2012
340,GBR,Rebecca Turner,2012
340,GBR,Hannah Miley,2012
341,CHN,Qianwei Zhu,2012
341,CHN,Yi Tang,2012
341,CHN,Qian Chen,2012
341,CHN,Jing Liu,2012
341,CHN,Jiaying Pang,2012
341,CHN,Shijia Wang,2012
341,CHN,Shiwen Ye,2012
342,ITA,Alice Mizzau,2012
342,ITA,Federica Pellegrini,2012
342,ITA,Diletta Carli,2012
342,ITA,Alice Nesti,2012
343,JPN,Aya Takano,2012
343,JPN,Haruka Ueda,2012
343,JPN,Hanae Ito,2012
343,JPN,Yayoi Matsumoto,2012
344,NED,Ranomi Kromowidjojo,2012
345,BLR,Aliaksandra Herasimenia,2012
346,NED,Marleen Veldhuis,2012
347,GER,Britta Steffen,2012
348,GBR,Francesca Halsall,2012
349,SWE,Therese Alshammar,2012
350,USA,Jessica Hardy,2012
351,BAH,Arianna Vanderpool-Wallace,2012
352,USA,Katie Ledecky,2012
353,ESP,Mireia Belmonte,2012
354,GBR,Rebecca Adlington,2012
355,NZL,Lauren Boyle,2012
356,DEN,Lotte Friis,2012
357,HUN,Boglarka Kapas,2012
358,FRA,Coralie Balmy,2012
359,VEN,Andreina Pinto,2012
360,USA,Natalie Coughlin,2008
361,ZIM,Kirsty Leigh Coventry,2008
362,USA,Margaret Hoelzer,2008
363,GBR,Gemma Spofforth,2008
364,RUS,Anastasia Zueva,2008
365,JPN,Reiko Nakamura,2008
366,FRA,Laure Manaudou,2008
367,JPN,Hanae Ito,2008
368,AUS,Leisel Jones,2008
369,USA,Rebecca Soni,2008
370,AUT,Mirna Jukic,2008
371,RUS,Yuliya Efimova,2008
372,USA,Megan Quann,2008
373,AUS,Tarnee White,2008
374,CHN,Ye Sun,2008
375,JPN,Asami Kitagawa,2008
376,AUS,Libby Trickett,2008
377,USA,Christine Magnuson,2008
378,AUS,Jessicah Schipper,2008
379,CHN,Yafei Zhou,2008
380,SGP,Li Tao,2008
381,GBR,Jemma Lowe,2008
382,BRA,Gabriella Silva,2008
383,NED,Inge Dekker,2008
384,GER,Britta Steffen,2008
385,AUS,Libby Trickett,2008
386,USA,Natalie Coughlin,2008
387,FIN,Hanna-Maria Seppala,2008
388,DEN,Jeanette Ottesen,2008
389,CHN,Yingwen Zhu,2008
390,NED,Marleen Veldhuis,2008
391,GBR,Francesca Halsall,2008
392,ZIM,Kirsty Leigh Coventry,2008
393,USA,Margaret Hoelzer,2008
394,JPN,Reiko Nakamura,2008
395,RUS,Anastasia Zueva,2008
396,USA,Elizabeth Beisel,2008
397,GBR,Elizabeth Simmonds,2008
398,AUS,Meagen Nay,2008
399,AUS,Belinda Hocking,2008
400,USA,Rebecca Soni,2008
401,AUS,Leisel Jones,2008
402,NOR,Sara Nordenstam,2008
403,AUT,Mirna Jukic,2008
404,RUS,Yuliya Efimova,2008
405,CAN,Annamay Pierse,2008
406,JPN,Rie Kaneto,2008
407,JPN,Megumi Taneda,2008
408,CHN,Zige Liu,2008
409,CHN,Liuyang Jiao,2008
410,AUS,Jessicah Schipper,2008
411,POL,Otylia Jedrzejczak,2008
412,JPN,Yuko Nakanishi,2008
413,FRA,Aurore Mongel,2008
414,USA,Elaine Breeden,2008
415,USA,Kathleen Hersey,2008
416,ITA,Federica Pellegrini,2008
417,SLO,Sara Isakovic,2008
418,CHN,Jiaying Pang,2008
419,USA,Katie Hoff,2008
420,ROU,Camelia Alina Potec,2008
421,GBR,Caitlin Mcclatchey,2008
422,AUS,Bronte Barratt,2008
423,FRA,Ophelie-Cyrielle Etienne,2008
424,AUS,Stephanie Rice,2008
425,ZIM,Kirsty Leigh Coventry,2008
426,USA,Natalie Coughlin,2008
427,USA,Katie Hoff,2008
428,AUS,Alicia Coutts,2008
429,JPN,Asami Kitagawa,2008
430,CAN,Julia Wilkinson,2008
431,POL,Katarzyna Baranowska,2008
432,GBR,Rebecca Adlington,2008
433,USA,Katie Hoff,2008
434,GBR,Joanne Jackson,2008
435,FRA,Coralie Balmy,2008
436,ITA,Federica Pellegrini,2008
437,ROU,Camelia Alina Potec,2008
438,AUS,Bronte Barratt,2008
439,FRA,Laure Manaudou,2008
440,AUS,Stephanie Rice,2008
441,ZIM,Kirsty Leigh Coventry,2008
442,USA,Katie Hoff,2008
443,USA,Elizabeth Beisel,2008
444,ITA,Alessia Filippi,2008
445,GBR,Hannah Miley,2008
446,RUS,Yana Martynova,2008
447,CHN,Xuanxu Li,2008
448,NLD,Ranomi Kromowidjojo,2008
448,NLD,Inge Dekker,2008
448,NLD,Marleen Veldhuis,2008
448,NLD,Hinkelien Schreuder,2008
448,NLD,Manon Van Rooijen,2008
448,NLD,Femke Heemskerk,2008
449,USA,Dara Torres,2008
449,USA,Natalie Coughlin,2008
449,USA,Julia Smit,2008
449,USA,Emily Silver,2008
449,USA,Kara Lynn Joyce,2008
449,USA,Lacey Nymeyer,2008
450,AUS,Cate Campbell,2008
450,AUS,Libby Trickett,2008
450,AUS,Shayne Reese,2008
450,AUS,Alice Mills,2008
450,AUS,Melanie Schlanger,2008
451,CHN,Yi Tang,2008
451,CHN,Yanwei Xu,2008
451,CHN,Jiaying Pang,2008
451,CHN,Yingwen Zhu,2008
452,GER,Antje Buschschulte,2008
452,GER,Meike Freitag,2008
452,GER,Daniela Gotz,2008
452,GER,Britta Steffen,2008
453,FRA,Celine Couderc,2008
453,FRA,Hanna Shcherba-Lorgeril,2008
453,FRA,Alena Popchanka,2008
453,FRA,Malia Metella,2008
453,FRA,Ophelie-Cyrielle Etienne,2008
454,GBR,Jessica Sylvester,2008
454,GBR,Melanie Marshall,2008
454,GBR,Caitlin Mcclatchey,2008
454,GBR,Francesca Halsall,2008
454,GBR,Julia Beckett,2008
455,CAN,Erica Morningstar,2008
455,CAN,Audrey Lacroix,2008
455,CAN,Genevieve Saumur,2008
455,CAN,Julia Wilkinson,2008
456,AUS,Emily Seebohm,2008
456,AUS,Libby Trickett,2008
456,AUS,Shayne Reese,2008
456,AUS,Tarnee White,2008
456,AUS,Leisel Jones,2008
456,AUS,Jessicah Schipper,2008
456,AUS,Felicity Galvez,2008
457,USA,Natalie Coughlin,2008
457,USA,Elaine Breeden,2008
457,USA,Christine Magnuson,2008
457,USA,Dara Torres,2008
457,USA,Kara Lynn Joyce,2008
457,USA,Margaret Hoelzer,2008
457,USA,Rebecca Soni,2008
457,USA,Megan Quann,2008
458,CHN,Tianlongzi Xu,2008
458,CHN,Jing Zhao,2008
458,CHN,Yafei Zhou,2008
458,CHN,Jiaying Pang,2008
458,CHN,Ye Sun,2008
459,GBR,Kate Haywood,2008
459,GBR,Francesca Halsall,2008
459,GBR,Gemma Spofforth,2008
459,GBR,Jemma Lowe,2008
460,RUS,Kseniya Moskvina,2008
460,RUS,Anastasiya Tulapina,2008
460,RUS,Yuliya Efimova,2008
460,RUS,Anastasia Zueva,2008
460,RUS,Natalia Sutyagina,2008
461,JPN,Asami Kitagawa,2008
461,JPN,Yuka Kato,2008
461,JPN,Reiko Nakamura,2008
461,JPN,Hanae Ito,2008
461,JPN,Haruka Ueda,2008
462,CAN,Audrey Lacroix,2008
462,CAN,Annamay Pierse,2008
462,CAN,Erica Morningstar,2008
462,CAN,Julia Wilkinson,2008
463,GER,Antje Buschschulte,2008
463,GER,Daniela Samulski,2008
463,GER,Britta Steffen,2008
463,GER,Sarah Poewe,2008
464,AUS,Stephanie Rice,2008
464,AUS,Lara Davenport,2008
464,AUS,Felicity Galvez,2008
464,AUS,Kylie Palmer,2008
464,AUS,Melanie Schlanger,2008
464,AUS,Linda Mackenzie,2008
464,AUS,Bronte Barratt,2008
464,AUS,Angie Bainbridge,2008
465,CHN,Jiaying Pang,2008
465,CHN,Miao Tan,2008
465,CHN,Qianwei Zhu,2008
465,CHN,Jingzhi Tang,2008
465,CHN,Yu-Ting Yang,2008
466,USA,Caroline Burckle,2008
466,USA,Katie Hoff,2008
466,USA,Christine Marshall,2008
466,USA,Allison Schmitt,2008
466,USA,Julia Smit,2008
466,USA,Natalie Coughlin,2008
466,USA,Kimberly Vandenberg,2008
467,ITA,Alessia Filippi,2008
467,ITA,Alice Carpanese,2008
467,ITA,Federica Pellegrini,2008
467,ITA,Flavia Zoccari,2008
467,ITA,Renata Fabiola Spagnolo,2008
468,FRA,Celine Couderc,2008
468,FRA,Alena Popchanka,2008
468,FRA,Ophelie-Cyrielle Etienne,2008
468,FRA,Camille Muffat,2008
468,FRA,Coralie Balmy,2008
468,FRA,Aurore Mongel,2008
469,HUN,Eszter Dara,2008
469,HUN,Zsuzsanna Jakabos,2008
469,HUN,Evelin Verraszto,2008
469,HUN,Agnes Mutina,2008
470,JPN,Maki Mita,2008
470,JPN,Emi Takanabe,2008
470,JPN,Haruka Ueda,2008
470,JPN,Misaki Yamaguchi,2008
471,SWE,Gabriella Fagundez,2008
471,SWE,Ida Marko-Varga,2008
471,SWE,Petra Granlund,2008
471,SWE,Josefin Lillhage,2008
472,GER,Britta Steffen,2008
473,USA,Dara Torres,2008
474,AUS,Cate Campbell,2008
475,AUS,Libby Trickett,2008
476,NED,Marleen Veldhuis,2008
477,USA,Kara Lynn Joyce,2008
478,NED,Hinkelien Schreuder,2008
479,BLR,Aliaksandra Herasimenia,2008
480,GBR,Rebecca Adlington,2008
481,ITA,Alessia Filippi,2008
482,DEN,Lotte Friis,2008
483,ROU,Camelia Alina Potec,2008
484,CHN,Xuanxu Li,2008
485,AUS,Kylie Palmer,2008
486,RUS,Elena Sokolova,2008
487,GBR,Cassandra Patten,2008
488,USA,Natalie Coughlin,2004
489,ZIM,Kirsty Leigh Coventry,2004
490,FRA,Laure Manaudou,2004
491,JPN,Reiko Nakamura,2004
492,ESP,Nina Alexandrovna Zhivanevskaya,2004
493,GER,Antje Buschschulte,2004
494,DEN,Louise Ornstedt,2004
495,USA,Haley Cope,2004
496,CHN,Xuejuan Luo,2004
497,AUS,Brooke Hanson,2004
498,AUS,Leisel Jones,2004
499,USA,Amanda Beard,2004
500,GER,Sarah Poewe,2004
501,USA,Tara Kirk,2004
502,UKR,Svitlana Bondarenko,2004
503,CHN,Hui Qi,2004
504,AUS,Petria Thomas,2004
505,POL,Otylia Jedrzejczak,2004
506,NED,Inge De Bruijn,2004
507,AUS,Jessicah Schipper,2004
508,USA,Jenny Thompson,2004
509,SVK,Martina Moravcova,2004
510,BLR,Alena Popchanka,2004
511,JPN,Junko Onishi,2004
512,AUS,Jodie Henry,2004
513,NED,Inge De Bruijn,2004
514,USA,Natalie Coughlin,2004
515,FRA,Malia Metella,2004
516,USA,Kara Lynn Joyce,2004
517,GRE,Nery Mantey Niangkouara,2004
518,SVK,Martina Moravcova,2004
519,BLR,Alena Popchanka,2004
520,ZIM,Kirsty Leigh Coventry,2004
521,RUS,Stanislava Komarova,2004
522,JPN,Reiko Nakamura,2004
523,GER,Antje Buschschulte,2004
524,USA,Margaret Hoelzer,2004
525,DEN,Louise Ornstedt,2004
526,GBR,Katy Sexton,2004
527,JPN,Aya Terakawa,2004
528,USA,Amanda Beard,2004
529,AUS,Leisel Jones,2004
530,GER,Anne Poleska,2004
531,JPN,Masami Tanaka,2004
532,HUN,Agnes Kovacs,2004
533,CHN,Hui Qi,2004
534,AUT,Mirna Jukic,2004
535,AUS,Brooke Hanson,2004
536,POL,Otylia Jedrzejczak,2004
537,AUS,Petria Thomas,2004
538,JPN,Yuko Nakanishi,2004
539,USA,Kaitlin Sandeno,2004
540,AUS,Felicity Galvez,2004
541,DEN,Mette Jacobsen,2004
542,ITA,Paola Cavallino,2004
543,HUN,Eva Risztov,2004
544,ROU,Camelia Alina Potec,2004
545,ITA,Federica Pellegrini,2004
546,FRA,Solenne Figues,2004
547,POL,Paulina Barzycka,2004
548,GER,Franziska Van Almsick,2004
549,USA,Dana Vollmer,2004
550,CHN,Jiaying Pang,2004
551,SWE,Josefin Lillhage,2004
552,UKR,Yana Klochkova,2004
553,USA,Amanda Beard,2004
554,ZIM,Kirsty Leigh Coventry,2004
555,HUN,Agnes Kovacs,2004
556,GER,Teresa Rohmann,2004
557,AUS,Lara Carroll,2004
558,USA,Katie Hoff,2004
559,ROU,Beatrice Caslaru,2004
560,FRA,Laure Manaudou,2004
561,POL,Otylia Jedrzejczak,2004
562,USA,Kaitlin Sandeno,2004
563,ROU,Camelia Alina Potec,2004
564,JPN,Ai Shibata,2004
565,JPN,Sachiko Yamada,2004
566,AUS,Linda Mackenzie,2004
567,GBR,Rebecca Cooke,2004
568,UKR,Yana Klochkova,2004
569,USA,Kaitlin Sandeno,2004
570,ARG,Georgina Bardach,2004
571,HUN,Eva Risztov,2004
572,BRA,Joanna Maranhao,2004
573,GER,Nicole Hetzer,2004
574,KOR,Yoosun Nam,2004
575,GRE,Vasiliki Angelopoulou,2004
576,AUS,Alice Mills,2004
576,AUS,Sarah Ryan,2004
576,AUS,Petria Thomas,2004
576,AUS,Jodie Henry,2004
576,AUS,Libby Trickett,2004
577,USA,Jenny Thompson,2004
577,USA,Maritza Correia,2004
577,USA,Lindsay Benko,2004
577,USA,Colleen Lanne,2004
577,USA,Natalie Coughlin,2004
577,USA,Amanda Weir,2004
577,USA,Kara Lynn Joyce,2004
578,NLD,Chantal Groot,2004
578,NLD,Inge De Bruijn,2004
578,NLD,Marleen Veldhuis,2004
578,NLD,Inge Dekker,2004
578,NLD,Annabel Kosten,2004
579,GER,Franziska Van Almsick,2004
579,GER,Petra Dallmann,2004
579,GER,Daniela Gotz,2004
579,GER,Antje Buschschulte,2004
579,GER,Britta Steffen,2004
580,FRA,Malia Metella,2004
580,FRA,Solenne Figues,2004
580,FRA,Aurore Mongel,2004
580,FRA,Celine Couderc,2004
581,GBR,Karen Pickering,2004
581,GBR,Kathryn Evans,2004
581,GBR,Lisa Chapman,2004
581,GBR,Alison Sheppard,2004
581,GBR,Melanie Marshall,2004
582,SWE,Cathrin Carlzon,2004
582,SWE,Josefin Lillhage,2004
582,SWE,Johanna Sjoberg,2004
582,SWE,Therese Alshammar,2004
582,SWE,Anna-Karin Kammerling,2004
583,CHN,Yingwen Zhu,2004
583,CHN,Yu-Ting Yang,2004
583,CHN,Yanwei Xu,2004
583,CHN,Jiaru Cheng,2004
584,AUS,Leisel Jones,2004
584,AUS,Jodie Henry,2004
584,AUS,Giaan Rooney,2004
584,AUS,Alice Mills,2004
584,AUS,Petria Thomas,2004
584,AUS,Jessicah Schipper,2004
584,AUS,Brooke Hanson,2004
585,USA,Tara Kirk,2004
585,USA,Haley Cope,2004
585,USA,Jenny Thompson,2004
585,USA,Amanda Beard,2004
585,USA,Amanda Weir,2004
585,USA,Rachel Komisarz,2004
585,USA,Natalie Coughlin,2004
585,USA,Kara Lynn Joyce,2004
586,GER,Sarah Poewe,2004
586,GER,Antje Buschschulte,2004
586,GER,Franziska Van Almsick,2004
586,GER,Daniela Gotz,2004
587,CHN,Yingwen Zhu,2004
587,CHN,Yafei Zhou,2004
587,CHN,Hui Qi,2004
587,CHN,Xiujun Chen,2004
587,CHN,Shu Zhan,2004
587,CHN,Xuejuan Luo,2004
588,JPN,Reiko Nakamura,2004
588,JPN,Noriko Inada,2004
588,JPN,Tomoko Nagai,2004
588,JPN,Masami Tanaka,2004
588,JPN,Junko Onishi,2004
589,NLD,Marleen Veldhuis,2004
589,NLD,Madelon Baans,2004
589,NLD,Inge De Bruijn,2004
589,NLD,Stefanie Luiken,2004
589,NLD,Chantal Groot,2004
590,ESP,Nina Alexandrovna Zhivanevskaya,2004
590,ESP,Tatiana Rouba,2004
590,ESP,Maria Pelaez,2004
590,ESP,Sara Perez,2004
591,GBR,Kathryn Evans,2004
591,GBR,Kirsty Balfour,2004
591,GBR,Georgina Lee,2004
591,GBR,Sarah Price,2004
591,GBR,Melanie Marshall,2004
591,GBR,Katy Sexton,2004
592,USA,Lindsay Benko,2004
592,USA,Dana Vollmer,2004
592,USA,Rhi Jeffrey,2004
592,USA,Natalie Coughlin,2004
592,USA,Carly Piper,2004
592,USA,Kaitlin Sandeno,2004
592,USA,Rachel Komisarz,2004
593,CHN,Yanwei Xu,2004
593,CHN,Yingwen Zhu,2004
593,CHN,Jiaying Pang,2004
593,CHN,Yu-Ting Yang,2004
594,GER,Petra Dallmann,2004
594,GER,Antje Buschschulte,2004
594,GER,Hannah Stockbauer,2004
594,GER,Sara Harstick,2004
594,GER,Franziska Van Almsick,2004
595,AUS,Petria Thomas,2004
595,AUS,Linda Mackenzie,2004
595,AUS,Elka Graham,2004
595,AUS,Giaan Rooney,2004
595,AUS,Shayne Reese,2004
595,AUS,Alice Mills,2004
596,GBR,Melanie Marshall,2004
596,GBR,Joanne Jackson,2004
596,GBR,Karen Pickering,2004
596,GBR,Georgina Lee,2004
596,GBR,Caitlin Mcclatchey,2004
597,ESP,Tatiana Rouba,2004
597,ESP,Arantxa Ramos,2004
597,ESP,Melissa Caballero,2004
597,ESP,Erika Villaecija,2004
598,BRA,Paula Ribeiro,2004
598,BRA,Monique Ferreira,2004
598,BRA,Joanna Maranhao,2004
598,BRA,Mariana Brochado,2004
599,SWE,Josefin Lillhage,2004
599,SWE,Johanna Sjoberg,2004
599,SWE,Ida Marko-Varga,2004
599,SWE,Malin Svahnstrom,2004
599,SWE,Lotta Wanberg,2004
600,NED,Inge De Bruijn,2004
601,FRA,Malia Metella,2004
602,AUS,Libby Trickett,2004
603,SWE,Therese Alshammar,2004
604,USA,Kara Lynn Joyce,2004
605,AUS,Michelle Engelsman,2004
606,USA,Jenny Thompson,2004
607,BRA,Flavia Cazziolato,2004
608,JPN,Ai Shibata,2004
609,FRA,Laure Manaudou,2004
610,USA,Diana Munz,2004
611,USA,Kalyn Keller,2004
612,ESP,Erika Villaecija,2004
613,GBR,Rebecca Cooke,2004
614,GER,Jana Henke,2004
615,ROU,Simona Paduraru,2004
616,ROU,Diana Mocanu,2000
617,JPN,Mai Nakamura,2000
618,ESP,Nina Alexandrovna Zhivanevskaya,2000
619,FRA,Roxana Maracineanu,2000
620,JPN,Noriko Inada,2000
621,USA,B J Bedford,2000
622,AUS,Dyana Calub,2000
623,DEN,Louise Ornstedt,2000
624,USA,Megan Quann,2000
625,AUS,Leisel Jones,2000
626,RSA,Penelope Heyns,2000
627,RSA,Sarah Poewe,2000
628,HUN,Agnes Kovacs,2000
629,JPN,Masami Tanaka,2000
630,AUS,Tarnee White,2000
631,GER,Sylvia Gerasch,2000
632,NED,Inge De Bruijn,2000
633,SVK,Martina Moravcova,2000
634,USA,Dara Torres,2000
635,AUS,Petria Thomas,2000
636,USA,Jenny Thompson,2000
637,JPN,Junko Onishi,2000
638,AUS,Susan O'Neill,2000
639,ROU,Diana Mocanu,2000
640,NED,Inge De Bruijn,2000
641,SWE,Therese Alshammar,2000
642,USA,Jenny Thompson,2000
643,USA,Dara Torres,2000
644,SVK,Martina Moravcova,2000
645,RSA,Helene Muller,2000
646,JPN,Sumika Minamoto,2000
647,NED,Wilma Van Rijn,2000
648,ROU,Diana Mocanu,2000
649,FRA,Roxana Maracineanu,2000
650,JPN,Miki Nakao,2000
651,JPN,Tomoko Hagiwara,2000
652,USA,Amanda Adkins,2000
653,ESP,Nina Alexandrovna Zhivanevskaya,2000
654,GER,Antje Buschschulte,2000
655,CAN,Kelly Stefanyshyn,2000
656,HUN,Agnes Kovacs,2000
657,USA,Kristy Kowal,2000
658,USA,Amanda Beard,2000
659,CHN,Hui Qi,2000
660,RUS,Olga Bakaldina,2000
661,RSA,Sarah Poewe,2000
662,JPN,Masami Tanaka,2000
663,CHN,Xuejuan Luo,2000
664,USA,Misty Hyman,2000
665,AUS,Susan O'Neill,2000
666,AUS,Petria Thomas,2000
667,DEN,Mette Jacobsen,2000
668,POL,Otylia Jedrzejczak,2000
669,USA,Kaitlin Sandeno,2000
670,JPN,Yuko Nakanishi,2000
671,JPN,Maki Mita,2000
672,AUS,Susan O'Neill,2000
673,SVK,Martina Moravcova,2000
674,CRC,Claudia Poll Ahrens,2000
675,GER,Kerstin Kielgass,2000
676,RUS,Nadezhda Chemezova,2000
677,BLR,Natalia Baranovskaya-Khatziloizou,2000
678,ROU,Camelia Alina Potec,2000
679,CHN,Luna Wang,2000
680,UKR,Yana Klochkova,2000
681,ROU,Beatrice Caslaru,2000
682,USA,Cristina Teuscher,2000
683,CAN,Marianne Luise Limpert,2000
684,CAN,Joanne Susan Malar,2000
685,RUS,Oxana Verevka,2000
686,USA,Gabrielle Rose,2000
687,JPN,Tomoko Hagiwara,2000
688,USA,Brooke Bennett,2000
689,USA,Diana Munz,2000
690,CRC,Claudia Poll Ahrens,2000
691,JAM,Janelle Atkinson,2000
692,RUS,Nadezhda Chemezova,2000
693,GER,Hannah Stockbauer,2000
694,NED,Carla Louise Geurts,2000
695,CHN,Hua Chen,2000
696,UKR,Yana Klochkova,2000
697,JPN,Yasuko Tajima,2000
698,ROU,Beatrice Caslaru,2000
699,USA,Kaitlin Sandeno,2000
700,GER,Nicole Hetzer,2000
701,USA,Maddy Crippen,2000
702,CAN,Joanne Susan Malar,2000
703,AUS,Jennifer Reilly,2000
704,USA,Courtney Shealy,2000
704,USA,Dara Torres,2000
704,USA,Amy Van Dyken,2000
704,USA,Jenny Thompson,2000
704,USA,Ashley T Tappin,2000
704,USA,Erin Ashley Phenix,2000
705,NLD,Chantal Groot,2000
705,NLD,Inge De Bruijn,2000
705,NLD,Wilma Van Rijn,2000
705,NLD,Manon Van Rooijen,2000
705,NLD,Thamar Henneken,2000
706,SWE,Therese Alshammar,2000
706,SWE,Anna-Karin Kammerling,2000
706,SWE,Josefin Lillhage,2000
706,SWE,Louise Johncke,2000
706,SWE,Johanna Sjoberg,2000
706,SWE,Malin Svahnstrom,2000
707,GER,Antje Buschschulte,2000
707,GER,Katrin Meissner,2000
707,GER,Britta Steffen,2000
707,GER,Franziska Van Almsick,2000
707,GER,Kerstin Kielgass,2000
707,GER,Sandra Voelker,2000
707,GER,Daniela Samulski,2000
708,GBR,Rosalind Brett,2000
708,GBR,Susan Rolph,2000
708,GBR,Alison Sheppard,2000
708,GBR,Karen Pickering,2000
709,AUS,Elka Graham,2000
709,AUS,Susan O'Neill,2000
709,AUS,Giaan Rooney,2000
709,AUS,Sarah Ryan,2000
709,AUS,Melanie Dodd,2000
710,CAN,Shannon Shakespeare,2000
710,CAN,Marianne Luise Limpert,2000
710,CAN,Laura Nicholls,2000
710,CAN,Jessica Deglau,2000
711,ITA,Cecilia Vianini,2000
711,ITA,Cristina Chiuso,2000
711,ITA,Luisa Striani,2000
711,ITA,Sara Parise,2000
712,USA,Megan Quann,2000
712,USA,Courtney Shealy,2000
712,USA,Ashley T Tappin,2000
712,USA,Jenny Thompson,2000
712,USA,Dara Torres,2000
712,USA,Amy Van Dyken,2000
712,USA,Staciana Stitts,2000
712,USA,B J Bedford,2000
713,AUS,Dyana Calub,2000
713,AUS,Susan O'Neill,2000
713,AUS,Petria Thomas,2000
713,AUS,Leisel Jones,2000
713,AUS,Tarnee White,2000
713,AUS,Sarah Ryan,2000
713,AUS,Giaan Rooney,2000
714,JPN,Mai Nakamura,2000
714,JPN,Sumika Minamoto,2000
714,JPN,Masami Tanaka,2000
714,JPN,Junko Onishi,2000
715,GER,Franziska Van Almsick,2000
715,GER,Antje Buschschulte,2000
715,GER,Katrin Meissner,2000
715,GER,Sylvia Gerasch,2000
716,ZAF,Sarah Poewe,2000
716,ZAF,Helene Muller,2000
716,ZAF,Charlene Wittstock,2000
716,ZAF,Amanda Loots,2000
717,CAN,Laura Nicholls,2000
717,CAN,Jen Button,2000
717,CAN,Marianne Luise Limpert,2000
717,CAN,Kelly Stefanyshyn,2000
717,CAN,Christin Petelski,2000
717,CAN,Michelle Lischinsky,2000
718,GBR,Karen Pickering,2000
718,GBR,Katy Sexton,2000
718,GBR,Susan Rolph,2000
718,GBR,Heidi Earp,2000
719,CHN,Shu Zhan,2000
719,CHN,Limin Liu,2000
719,CHN,Xue Han,2000
719,CHN,Hui Qi,2000
720,USA,Samantha Arsenault,2000
720,USA,Julia Stowers,2000
720,USA,Jenny Thompson,2000
720,USA,Kim Black,2000
720,USA,Diana Munz,2000
720,USA,Lindsay Benko,2000
721,AUS,Elka Graham,2000
721,AUS,Giaan Rooney,2000
721,AUS,Susan O'Neill,2000
721,AUS,Petria Thomas,2000
721,AUS,Jacinta Van Lint,2000
721,AUS,Kirsten Thomson,2000
722,GER,Sara Harstick,2000
722,GER,Kerstin Kielgass,2000
722,GER,Meike Freitag,2000
722,GER,Britta Steffen,2000
722,GER,Antje Buschschulte,2000
722,GER,Franziska Van Almsick,2000
723,ROU,Camelia Alina Potec,2000
723,ROU,Simona Paduraru,2000
723,ROU,Florina Herea,2000
723,ROU,Ioana Diaconescu,2000
723,ROU,Beatrice Caslaru,2000
724,CAN,Marianne Luise Limpert,2000
724,CAN,Shannon Shakespeare,2000
724,CAN,Joanne Susan Malar,2000
724,CAN,Jessica Deglau,2000
724,CAN,Jen Button,2000
725,GBR,Karen Pickering,2000
725,GBR,Karen Legg,2000
725,GBR,Claire Huddart,2000
725,GBR,Janine Belton,2000
726,ITA,Sara Goffi,2000
726,ITA,Cecilia Vianini,2000
726,ITA,Luisa Striani,2000
726,ITA,Sara Parise,2000
727,FRA,Solenne Figues,2000
727,FRA,Katarin Quelennec,2000
727,FRA,Leatitia Choux,2000
728,NED,Inge De Bruijn,2000
729,SWE,Therese Alshammar,2000
730,USA,Dara Torres,2000
731,USA,Amy Van Dyken,2000
732,SVK,Martina Moravcova,2000
733,GER,Sandra Voelker,2000
734,GBR,Alison Sheppard,2000
735,JPN,Sumika Minamoto,2000
736,USA,Brooke Bennett,2000
737,UKR,Yana Klochkova,2000
738,USA,Kaitlin Sandeno,2000
739,SUI,Flavia Rigamonti,2000
740,GER,Hannah Stockbauer,2000
741,CHN,Hua Chen,2000
742,GER,Jana Henke,2000
743,JPN,Sachiko Yamada,2000
744,USA,Beth Botsford,1996
745,USA,Whitney L. Hedgepeth,1996
746,RSA,Marianne Kriel,1996
747,JPN,Mai Nakamura,1996
748,CHN,Yan Chen,1996
749,GER,Antje Buschschulte,1996
750,AUS,Nicole Livingstone,1996
751,JPN,Miki Nakao,1996
752,RSA,Penelope Heyns,1996
753,USA,Amanda Beard,1996
754,AUS,Samantha Linette Riley,1996
755,UKR,Svitlana Bondarenko,1996
756,AUT,Vera Lischka,1996
757,CAN,Guylaine Cloutier,1996
758,HUN,Agnes Kovacs,1996
759,BEL,Brigitte Becue,1996
760,USA,Amy Van Dyken,1996
761,CHN,Limin Liu,1996
762,USA,Angel Martino,1996
763,JPN,Hitomi Kashima,1996
764,AUS,Susan O'Neill,1996
765,JPN,Ayari Aoyama,1996
766,CHN,Huijue Cai,1996
767,DEN,Mette Jacobsen,1996
768,CHN,Jingyi Le,1996
769,GER,Sandra Voelker,1996
770,USA,Angel Martino,1996
771,USA,Amy Van Dyken,1996
772,GER,Franziska Van Almsick,1996
773,AUS,Sarah Ryan,1996
774,DEN,Mette Jacobsen,1996
775,NED,Karin Brienesse,1996
776,HUN,Krisztina Egerszegi,1996
777,USA,Whitney L. Hedgepeth,1996
778,GER,Cathleen Rund,1996
779,GER,Anke Scholz,1996
780,JPN,Miki Nakao,1996
781,NZL,Anna Katrina Simcic,1996
782,ITA,Lorenza Vigarani,1996
783,RUS,Nina Alexandrovna Zhivanevskaya,1996
784,RSA,Penelope Heyns,1996
785,USA,Amanda Beard,1996
786,HUN,Agnes Kovacs,1996
787,AUS,Samantha Linette Riley,1996
788,JPN,Masami Tanaka,1996
789,AUS,Nadine Neumann,1996
790,BEL,Brigitte Becue,1996
791,CAN,Christin Petelski,1996
792,AUS,Susan O'Neill,1996
793,AUS,Petria Thomas,1996
794,IRL,Michelle Marie Smith,1996
795,CHN,Yun Qu,1996
796,CHN,Limin Liu,1996
797,CAN,Jessica Deglau,1996
798,JPN,Mika Haruna,1996
799,USA,Trina Jackson,1996
800,CRC,Claudia Poll Ahrens,1996
801,GER,Franziska Van Almsick,1996
802,GER,Dagmar Hase,1996
803,USA,Trina Jackson,1996
804,AUS,Susan O'Neill,1996
805,USA,Cristina Teuscher,1996
806,AUS,Julia Greville,1996
807,ROU,Liliana Luminita Dobrescu,1996
808,IRL,Michelle Marie Smith,1996
809,CAN,Marianne Luise Limpert,1996
810,CHN,Li Lin,1996
811,CAN,Joanne Susan Malar,1996
812,AUS,Elli Overton,1996
813,USA,Allison Wagner,1996
814,NED,Minouche Smit,1996
815,SWE,Louise Karlsson,1996
816,IRL,Michelle Marie Smith,1996
817,GER,Dagmar Hase,1996
818,NED,Kirsten Vlieghuis,1996
819,GER,Kerstin Kielgass,1996
820,CRC,Claudia Poll Ahrens,1996
821,NED,Carla Louise Geurts,1996
822,JPN,Eri Yamanoi,1996
823,USA,Cristina Teuscher,1996
824,IRL,Michelle Marie Smith,1996
825,USA,Allison Wagner,1996
826,HUN,Krisztina Egerszegi,1996
827,GER,Sabine Herbst,1996
828,AUS,Emma Johnson,1996
829,ROU,Beatrice Caslaru,1996
830,ESP,Lourdes Becerra,1996
831,USA,Whitney Metzler,1996
832,USA,Amy Van Dyken,1996
832,USA,Melanie Valerio,1996
832,USA,Catherine Fox,1996
832,USA,Jenny Thompson,1996
832,USA,Angel Martino,1996
832,USA,Lisa Jacob,1996
833,CHN,Yun Nian,1996
833,CHN,Ying Shan,1996
833,CHN,Jingyi Le,1996
833,CHN,Na Chao,1996
834,GER,Franziska Van Almsick,1996
834,GER,Simone Osygus,1996
834,GER,Meike Freitag,1996
834,GER,Antje Buschschulte,1996
834,GER,Sandra Voelker,1996
835,NLD,Minouche Smit,1996
835,NLD,Manon Masseurs,1996
835,NLD,Wilma Van Rijn,1996
835,NLD,Karin Brienesse,1996
835,NLD,Marianne Muis,1996
836,SWE,Linda Olofsson,1996
836,SWE,Johanna Sjoberg,1996
836,SWE,Louise Karlsson,1996
836,SWE,Louise Johncke,1996
837,AUS,Susan O'Neill,1996
837,AUS,Anna Windsor,1996
837,AUS,Lise Maree Mackie,1996
837,AUS,Sarah Ryan,1996
837,AUS,Julia Greville,1996
838,CAN,Shannon Shakespeare,1996
838,CAN,Julie Kathryn Howard,1996
838,CAN,Marianne Luise Limpert,1996
839,RUS,Natalya Sorokina,1996
839,RUS,Yelena Nazemnova,1996
839,RUS,Natalia Meshcheryakova,1996
839,RUS,Svetlana Leshukova,1996
840,USA,Kristine Quance,1996
840,USA,Angel Martino,1996
840,USA,Amanda Beard,1996
840,USA,Beth Botsford,1996
840,USA,Jenny Thompson,1996
840,USA,Amy Van Dyken,1996
840,USA,Whitney L. Hedgepeth,1996
840,USA,Catherine Fox,1996
841,AUS,Samantha Linette Riley,1996
841,AUS,Susan O'Neill,1996
841,AUS,Angela Kennedy,1996
841,AUS,Helen Denman,1996
841,AUS,Sarah Ryan,1996
841,AUS,Nicole Livingstone,1996
842,CHN,Huijue Cai,1996
842,CHN,Ying Shan,1996
842,CHN,Yan Chen,1996
842,CHN,Xue Han,1996
843,ZAF,Amanda Loots,1996
843,ZAF,Helene Muller,1996
843,ZAF,Marianne Kriel,1996
843,ZAF,Penelope Heyns,1996
844,CAN,Guylaine Cloutier,1996
844,CAN,Shannon Shakespeare,1996
844,CAN,Julie Kathryn Howard,1996
844,CAN,Sarah Evanetz,1996
845,GER,Antje Buschschulte,1996
845,GER,Sandra Voelker,1996
845,GER,Kathrin Dumitru,1996
845,GER,Franziska Van Almsick,1996
846,RUS,Yelena Makarova,1996
846,RUS,Svetlana Pozdeyeva,1996
846,RUS,Nina Alexandrovna Zhivanevskaya,1996
846,RUS,Natalia Meshcheryakova,1996
846,RUS,Yelena Nazemnova,1996
847,ITA,Cecilia Vianini,1996
847,ITA,Lorenza Vigarani,1996
847,ITA,Ilaria Tocchini,1996
847,ITA,Manuela Dalla Valle,1996
848,USA,Jenny Thompson,1996
848,USA,Trina Jackson,1996
848,USA,Annette Salmeen,1996
848,USA,Ashley Whitney,1996
848,USA,Sheila Taormina,1996
848,USA,Cristina Teuscher,1996
848,USA,Lisa Jacob,1996
849,GER,Meike Freitag,1996
849,GER,Franziska Van Almsick,1996
849,GER,Anke Scholz,1996
849,GER,Dagmar Hase,1996
849,GER,Simone Osygus,1996
849,GER,Kerstin Kielgass,1996
850,AUS,Julia Greville,1996
850,AUS,Lise Maree Mackie,1996
850,AUS,Nicole Livingstone,1996
850,AUS,Emma Johnson,1996
850,AUS,Susan O'Neill,1996
851,JPN,Aiko Miyake,1996
851,JPN,Suzu Chiba,1996
851,JPN,Naoko Imoto,1996
851,JPN,Eri Yamanoi,1996
852,CAN,Joanne Susan Malar,1996
852,CAN,Jessica Deglau,1996
852,CAN,Sophie Simard,1996
852,CAN,Andrea Schwartz,1996
852,CAN,Marianne Luise Limpert,1996
852,CAN,Shannon Shakespeare,1996
853,NLD,Carla Louise Geurts,1996
853,NLD,Minouche Smit,1996
853,NLD,Kirsten Vlieghuis,1996
853,NLD,Karin Brienesse,1996
853,NLD,Patricia Stokkers,1996
854,ROU,Carla-Creola Negrea,1996
854,ROU,Ioana Diaconescu,1996
854,ROU,Liliana Luminita Dobrescu,1996
854,ROU,Loredana Zisu,1996
855,CHN,Luna Wang,1996
855,CHN,Yun Nian,1996
855,CHN,Yan Chen,1996
855,CHN,Yiqi Pu,1996
855,CHN,Ying Shan,1996
856,USA,Amy Van Dyken,1996
857,CHN,Jingyi Le,1996
858,GER,Sandra Voelker,1996
859,USA,Angel Martino,1996
860,BAR,Leah Martindale,1996
861,SWE,Linda Olofsson,1996
862,CHN,Ying Shan,1996
863,RUS,Natalia Meshcheryakova,1996
864,USA,Brooke Bennett,1996
865,GER,Dagmar Hase,1996
866,NED,Kirsten Vlieghuis,1996
867,GER,Kerstin Kielgass,1996
868,NOR,Irene Dalby,1996
869,USA,Janet Evans,1996
870,NED,Carla Louise Geurts,1996
871,GBR,Sarah Hardcastle,1996
872,HUN,Krisztina Egerszegi,1992
873,HUN,Tunde Szabo,1992
874,USA,Lea Loveless,1992
875,AUS,Nicole Livingstone,1992
876,USA,Elizabeth Wagstaff,1992
877,AUS,Joanne Marie Meehan,1992
878,EUN,Nina Alexandrovna Zhivanevskaya,1992
879,JPN,Yoko Koikawa,1992
880,EUN,Elena Rudkovskaya,1992
881,USA,Anita Nall,1992
882,AUS,Samantha Linette Riley,1992
883,CAN,Guylaine Cloutier,1992
884,GER,Jana Dörris,1992
885,HUN,Gabriella Csepe,1992
886,ITA,Manuela Dalla Valle,1992
887,GER,Daniela Brendel,1992
888,CHN,Hong Qian,1992
889,USA,Christine Ahmann-Leighton,1992
890,FRA,Catherine Plewinski,1992
891,CHN,Xiaohong Wang,1992
892,AUS,Susan O'Neill,1992
893,USA,Summer Sanders,1992
894,GER,Franziska Van Almsick,1992
895,JPN,Rie Shito,1992
896,CHN,Yong Zhuang,1992
897,USA,Jenny Thompson,1992
898,GER,Franziska Van Almsick,1992
899,USA,Nicole Lee Haislett,1992
900,FRA,Catherine Plewinski,1992
901,CHN,Jingyi Le,1992
902,GER,Simone Osygus,1992
903,NED,Karin Brienesse,1992
904,HUN,Krisztina Egerszegi,1992
905,GER,Dagmar Hase,1992
906,AUS,Nicole Livingstone,1992
907,USA,Lea Loveless,1992
908,NZL,Anna Katrina Simcic,1992
909,HUN,Tunde Szabo,1992
910,CRC,Silvia Poll Ahrens,1992
911,AUS,Leigh Christine Habler,1992
912,JPN,Kyoko Iwasaki,1992
913,CHN,Li Lin,1992
914,USA,Anita Nall,1992
915,EUN,Elena Rudkovskaya,1992
916,CAN,Guylaine Cloutier,1992
917,CAN,Nathalie Giguere,1992
918,ITA,Manuela Dalla Valle,1992
919,POL,Alicja Peczak,1992
920,USA,Summer Sanders,1992
921,CHN,Xiaohong Wang,1992
922,AUS,Susan O'Neill,1992
923,JPN,Mika Haruna,1992
924,JPN,Rie Shito,1992
925,USA,Angie Wester Krieg,1992
926,DEN,Mette Jacobsen,1992
927,ITA,Ilaria Tocchini,1992
928,USA,Nicole Lee Haislett,1992
929,GER,Franziska Van Almsick,1992
930,GER,Kerstin Kielgass,1992
931,FRA,Catherine Plewinski,1992
932,ROU,Liliana Luminita Dobrescu,1992
933,JPN,Suzu Chiba,1992
934,EUN,Olga Kirichenko,1992
935,CHN,Bin Lu,1992
936,CHN,Li Lin,1992
937,USA,Summer Sanders,1992
938,GER,Daniela Hunger,1992
939,EUN,Elena Dendeberova,1992
940,AUS,Elli Overton,1992
941,CAN,Marianne Luise Limpert,1992
942,CAN,Nancy Sweetnam,1992
943,POL,Ewa Synowska,1992
944,GER,Dagmar Hase,1992
945,USA,Janet Evans,1992
946,AUS,Hayley Lewis,1992
947,USA,Erika Hansen,1992
948,GER,Kerstin Kielgass,1992
949,BEL,Isabelle Arnould,1992
950,SWE,Malin Nilsson,1992
951,JPN,Suzu Chiba,1992
952,HUN,Krisztina Egerszegi,1992
953,CHN,Li Lin,1992
954,USA,Summer Sanders,1992
955,AUS,Hayley Lewis,1992
956,JPN,Hideko Hiranaka,1992
957,GER,Daniela Hunger,1992
958,JPN,Eri Kimura,1992
959,POL,Ewa Synowska,1992
960,USA,Christine Ahmann-Leighton,1992
960,USA,Angel Martino,1992
960,USA,Ashley T Tappin,1992
960,USA,Jenny Thompson,1992
960,USA,Dara Torres,1992
960,USA,Nicole Lee Haislett,1992
961,CHN,Bin Lu,1992
961,CHN,Yong Zhuang,1992
961,CHN,Jingyi Le,1992
961,CHN,Wenyi Yang,1992
961,CHN,Kun Zhao,1992
962,GER,Annette Hadding,1992
962,GER,Daniela Hunger,1992
962,GER,Franziska Van Almsick,1992
962,GER,Manuela Stellmach,1992
962,GER,Kerstin Kielgass,1992
962,GER,Simone Osygus,1992
963,Unified Team ,Natalia Meshcheryakova,1992
963,Unified Team ,Yevgeniya Yermakova,1992
963,Unified Team ,Svetlana Leshukova,1992
963,Unified Team ,Elena Dendeberova,1992
964,NLD,Inge De Bruijn,1992
964,NLD,Marianne Muis,1992
964,NLD,Mildred Muis,1992
964,NLD,Karin Brienesse,1992
965,DEN,Mette Norskov Nielsen,1992
965,DEN,Berit Raith Puggaard,1992
965,DEN,Gitta Poulsgaard Jensen,1992
965,DEN,Annette Poulsen,1992
965,DEN,Mette Jacobsen,1992
966,SWE,Eva Nyberg,1992
966,SWE,Ellenor Svensson,1992
966,SWE,Linda Olofsson,1992
966,SWE,Malin Nilsson,1992
966,SWE,Louise Karlsson,1992
967,CAN,Andrea Nugent,1992
967,CAN,Marianne Luise Limpert,1992
967,CAN,Nicole Dryden,1992
967,CAN,Allison Ann Higson,1992
968,USA,Jenny Thompson,1992
968,USA,Lea Loveless,1992
968,USA,Megan A. Kleine,1992
968,USA,Anita Nall,1992
968,USA,Nicole Lee Haislett,1992
968,USA,Elizabeth Wagstaff,1992
968,USA,Christine Ahmann-Leighton,1992
968,USA,Summer Sanders,1992
969,GER,Franziska Van Almsick,1992
969,GER,Jana Dörris,1992
969,GER,Daniela Brendel,1992
969,GER,Simone Osygus,1992
969,GER,Bettina Ustrowski,1992
969,GER,Dagmar Hase,1992
969,GER,Daniela Hunger,1992
970,Unified Team ,Elena Rudkovskaya,1992
970,Unified Team ,Natalia Meshcheryakova,1992
970,Unified Team ,Nina Alexandrovna Zhivanevskaya,1992
971,CHN,Li Lin,1992
971,CHN,Cihong He,1992
971,CHN,Xia Lou,1992
971,CHN,Jingyi Le,1992
971,CHN,Hong Qian,1992
972,AUS,Lisa Gaye Curry-Kenny,1992
972,AUS,Samantha Linette Riley,1992
972,AUS,Nicole Livingstone,1992
972,AUS,Susan O'Neill,1992
972,AUS,Joanne Marie Meehan,1992
973,CAN,Kristin Louise Topham,1992
973,CAN,Andrea Nugent,1992
973,CAN,Guylaine Cloutier,1992
973,CAN,Nicole Dryden,1992
974,JPN,Yoko Koikawa,1992
974,JPN,Kyoko Iwasaki,1992
974,JPN,Yoko Kando,1992
974,JPN,Suzu Chiba,1992
975,NLD,Inge De Bruijn,1992
975,NLD,Marianne Muis,1992
975,NLD,Kira Bulten,1992
975,NLD,Ellen Elzerman,1992
976,CHN,Wenyi Yang,1992
977,CHN,Yong Zhuang,1992
978,USA,Angel Martino,1992
979,FRA,Catherine Plewinski,1992
980,USA,Jenny Thompson,1992
981,EUN,Natalia Meshcheryakova,1992
982,GER,Simone Osygus,1992
983,NED,Inge De Bruijn,1992
984,USA,Janet Evans,1992
985,AUS,Hayley Lewis,1992
986,GER,Jana Henke,1992
987,NZL,Philippa Maree Langrell,1992
988,NOR,Irene Dalby,1992
989,TCH,Olga Splichalova,1992
990,USA,Erika Hansen,1992
991,BEL,Isabelle Arnould,1992
992,GDR,Kristin Otto,1988
993,HUN,Krisztina Egerszegi,1988
994,GDR,Cornelia Sirch,1988
995,USA,Elizabeth Mitchell,1988
996,USA,Elizabeth Cynthia Barr,1988
997,CRC,Silvia Poll Ahrens,1988
998,AUS,Nicole Livingstone,1988
999,FRG,Marion Aizpors,1988
1000,BUL,Tania Bogomilova-Dangalakova,1988
1001,BUL,Antoaneta Frenkeva,1988
1002,GDR,Silke Hörner,1988
1003,CAN,Allison Ann Higson,1988
1004,URS,Elena Volkova,1988
1005,USA,Tracey Mcfarlane,1988
1006,CHN,Xiao-Min Huang,1988
1007,GDR,Annett Rex,1988
1008,GDR,Kristin Otto,1988
1009,GDR,Birte Weigang,1988
1010,CHN,Hong Qian,1988
1011,FRA,Catherine Plewinski,1988
1012,USA,Janet Simone Jorgensen,1988
1013,NED,Conny Van Bentum,1988
1014,USA,Mary T. Meagher,1988
1015,CHN,Xiaohong Wang,1988
1016,GDR,Kristin Otto,1988
1017,CHN,Yong Zhuang,1988
1018,FRA,Catherine Plewinski,1988
1019,GDR,Manuela Stellmach,1988
1020,CRC,Silvia Poll Ahrens,1988
1021,NED,Karin Brienesse,1988
1022,USA,Dara Torres,1988
1023,NED,Conny Van Bentum,1988
1024,HUN,Krisztina Egerszegi,1988
1025,GDR,Kathrin Zimmermann,1988
1026,GDR,Cornelia Sirch,1988
1027,USA,Elizabeth Cynthia Barr,1988
1028,AUS,Nicole Livingstone,1988
1029,USA,Andrea Jean Hayes,1988
1030,NED,Jolanda De Rover,1988
1031,FRG,Svenja Schlicht,1988
1032,GDR,Silke Hörner,1988
1033,CHN,Xiao-Min Huang,1988
1034,BUL,Antoaneta Frenkeva,1988
1035,BUL,Tania Bogomilova-Dangalakova,1988
1036,URS,Yuliya Bogachova,1988
1037,BEL,Ingrid Lempereur,1988
1038,CAN,Allison Ann Higson,1988
1039,ITA,Manuela Dalla Valle,1988
1040,GDR,Kathleen Nord,1988
1041,GDR,Birte Weigang,1988
1042,USA,Mary T. Meagher,1988
1043,ROU,Stela Marion Pura,1988
1044,USA,Trina D. Radke,1988
1045,JPN,Kiyomi Takahashi,1988
1046,CHN,Xiaohong Wang,1988
1047,NED,Conny Van Bentum,1988
1048,GDR,Heike Friedrich,1988
1049,CRC,Silvia Poll Ahrens,1988
1050,GDR,Manuela Stellmach,1988
1051,USA,Mary Alice Wayte,1988
1052,URS,Natalya Trefilova,1988
1053,USA,Mitzi Patricia Kremer,1988
1054,FRG,Stephanie Ortwig,1988
1055,FRA,Cecile Prunier,1988
1056,GDR,Daniela Hunger,1988
1057,URS,Elena Dendeberova,1988
1058,ROU,Noemi Ildiko Lung,1988
1059,AUS,Judith Clatworthy,1988
1060,NED,Marianne Muis,1988
1061,ROU,Aneta Patrascoiu,1988
1062,CHN,Li Lin,1988
1063,USA,Whitney L. Hedgepeth,1988
1064,USA,Janet Evans,1988
1065,GDR,Heike Friedrich,1988
1066,GDR,Anke Möhring,1988
1067,USA,Tami Lee Bruce,1988
1068,AUS,Janelle Elford,1988
1069,BEL,Isabelle Arnould,1988
1070,FRG,Stephanie Ortwig,1988
1071,URS,Natalya Trefilova,1988
1072,USA,Janet Evans,1988
1073,ROU,Noemi Ildiko Lung,1988
1074,GDR,Daniela Hunger,1988
1075,URS,Elena Dendeberova,1988
1076,GDR,Kathleen Nord,1988
1077,AUS,Judith Clatworthy,1988
1078,CHN,Li Lin,1988
1079,AUS,Donna Procter,1988
1080,GER,Sabina Schulze,1988
1080,GER,Manuela Stellmach,1988
1080,GER,Heike Friedrich,1988
1080,GER,Katrin Meissner,1988
1080,GER,Kristin Otto,1988
1080,GER,Daniela Hunger,1988
1081,NLD,Marianne Muis,1988
1081,NLD,Karin Brienesse,1988
1081,NLD,Mildred Muis,1988
1082,USA,Mary Alice Wayte,1988
1082,USA,Kathryn Paige Zemina,1988
1082,USA,Jill Sterkel,1988
1082,USA,Dara Torres,1988
1082,USA,Mitzi Patricia Kremer,1988
1082,USA,Laura Anne Walker,1988
1083,CHN,Fu-Jie Xia,1988
1083,CHN,Wenyi Yang,1988
1083,CHN,Yong Zhuang,1988
1083,CHN,Ya-Ping Lou,1988
1084,SUN,Inna Abramova,1988
1084,SUN,Natalya Trefilova,1988
1084,SUN,Svetlana Isakova,1988
1084,SUN,Elena Dendeberova,1988
1085,CAN,Allison Ann Higson,1988
1085,CAN,Jane Kerr,1988
1085,CAN,Andrea Nugent,1988
1085,CAN,Patricia Noall,1988
1085,CAN,Kathleen Bald,1988
1085,CAN,Kristin Louise Topham,1988
1086,GER,Stephanie Ortwig,1988
1086,GER,Christiane Pielke,1988
1086,GER,Karin Seick,1988
1086,GER,Katja Ziliox,1988
1086,GER,Marion Aizpors,1988
1087,DEN,Mette Jacobsen,1988
1087,DEN,Annette Moldrup Jorgensen,1988
1087,DEN,Pia Sorensen,1988
1087,DEN,Gitta Poulsgaard Jensen,1988
1088,GER,Cornelia Sirch,1988
1088,GER,Birte Weigang,1988
1088,GER,Katrin Meissner,1988
1088,GER,Kristin Otto,1988
1088,GER,Manuela Stellmach,1988
1088,GER,Silke Hörner,1988
1089,USA,Elizabeth Mitchell,1988
1089,USA,Mary Alice Wayte,1988
1089,USA,Janet Simone Jorgensen,1988
1089,USA,Tracey Mcfarlane,1988
1089,USA,Elizabeth Cynthia Barr,1988
1089,USA,Mary T. Meagher,1988
1089,USA,Dara Torres,1988
1090,CAN,Andrea Nugent,1988
1090,CAN,Keltie Duggan,1988
1090,CAN,Patricia Noall,1988
1090,CAN,Lori Melien,1988
1090,CAN,Allison Ann Higson,1988
1090,CAN,Jane Kerr,1988
1091,AUS,Karen Tracey Van Wirdum,1988
1091,AUS,Lara Hooiveld,1988
1091,AUS,Fiona Alessandrini,1988
1091,AUS,Nicole Livingstone,1988
1092,NLD,Linda Moes,1988
1092,NLD,Karin Brienesse,1988
1092,NLD,Jolanda De Rover,1988
1093,BGR,Tania Bogomilova-Dangalakova,1988
1093,BGR,Natacha Khristova,1988
1093,BGR,Neviana Miteva,1988
1093,BGR,Bistra Gospodinova,1988
1094,GER,Marion Aizpors,1988
1094,GER,Gabriele Reha,1988
1094,GER,Britta Dahm,1988
1094,GER,Svenja Schlicht,1988
1095,ITA,Silvia Persi,1988
1095,ITA,Ilaria Tocchini,1988
1095,ITA,Manuela Dalla Valle,1988
1095,ITA,Lorenza Vigarani,1988
1096,GDR,Kristin Otto,1988
1097,CHN,Wenyi Yang,1988
1098,GDR,Katrin Meissner,1988
1099,USA,Jill Sterkel,1988
1100,USA,Leigh Ann Fetter,1988
1101,ROU,Tamara Costache,1988
1102,FRA,Catherine Plewinski,1988
1103,AUS,Karen Tracey Van Wirdum,1988
1104,USA,Janet Evans,1988
1105,GDR,Astrid Strauss,1988
1106,AUS,Julie M. Mcdonald,1988
1107,GDR,Anke Möhring,1988
1108,USA,Tami Lee Bruce,1988
1109,AUS,Janelle Elford,1988
1110,BEL,Isabelle Arnould,1988
1111,BUL,Antoaneta Strumenlieva,1988
1112,USA,Theresa Andrews,1984
1113,USA,Elizabeth Mitchell,1984
1114,NED,Jolanda De Rover,1984
1115,ROU,Carmen Bunaciu,1984
1116,ROU,Aneta Patrascoiu,1984
1117,FRG,Svenja Schlicht,1984
1118,GBR,Beverley Rose,1984
1119,NZL,Carmel Clark,1984
1120,NED,Petra Van Staveren,1984
1121,CAN,Anne Ottenbrite,1984
1122,FRA,Catherine Poirot,1984
1123,USA,Tracy Anne Caulkins,1984
1124,SWE,Eva-Marie Hakansson,1984
1125,JPN,Hiroko Nagasaki,1984
1126,USA,Susan Gerard Rapp,1984
1127,GBR,Jean Cameron Hill,1984
1128,USA,Mary T. Meagher,1984
1129,USA,Jenna Leigh Johnson,1984
1130,FRG,Karin Seick,1984
1131,NED,Annemarie Verstappen,1984
1132,CAN,Michelle Mac Pherson,1984
1133,AUS,Janet Tibbits,1984
1134,NED,Conny Van Bentum,1984
1135,FRG,Ina Beyermann,1984
1136,USA,Nancy Lynn Hogshead,1984
1137,USA,Carolyn Steinseifer,1984
1138,NED,Annemarie Verstappen,1984
1139,NED,Conny Van Bentum,1984
1140,AUS,Michelle Pearson,1984
1141,GBR,June Croft,1984
1142,FRG,Susanne Schuster,1984
1143,AUS,Angela Russell,1984
1144,NED,Jolanda De Rover,1984
1145,USA,Amy Lee White,1984
1146,ROU,Aneta Patrascoiu,1984
1147,AUS,Georgina Parkes,1984
1148,USA,Torri Leigh Trees,1984
1149,FRG,Svenja Schlicht,1984
1150,ROU,Carmen Bunaciu,1984
1151,NZL,Carmel Clark,1984
1152,CAN,Anne Ottenbrite,1984
1153,USA,Susan Gerard Rapp,1984
1154,BEL,Ingrid Lempereur,1984
1155,JPN,Hiroko Nagasaki,1984
1156,AUS,Sharon Kellett,1984
1157,FRG,Ute Hasse,1984
1158,GBR,Susannah Brownsdon,1984
1159,USA,Kimberly Lynne Rhodenbaugh,1984
1160,USA,Mary T. Meagher,1984
1161,AUS,Karen Phillips,1984
1162,FRG,Ina Beyermann,1984
1163,USA,Nancy Lynn Hogshead,1984
1164,GBR,Samantha Paula Purvis,1984
1165,JPN,Naoko Kume,1984
1166,AUT,Sonja Hausladen,1984
1167,NED,Conny Van Bentum,1984
1168,USA,Mary Alice Wayte,1984
1169,USA,Cynthia Lee Woodhead,1984
1170,NED,Annemarie Verstappen,1984
1171,AUS,Michelle Pearson,1984
1172,NED,Conny Van Bentum,1984
1173,GBR,June Croft,1984
1174,FRG,Ina Beyermann,1984
1175,AUS,Anna Mcvann,1984
1176,USA,Tracy Anne Caulkins,1984
1177,USA,Nancy Lynn Hogshead,1984
1178,AUS,Michelle Pearson,1984
1179,AUS,Lisa Gaye Curry-Kenny,1984
1180,FRG,Christiane Pielke,1984
1181,ITA,Manuela Dalla Valle,1984
1182,FRG,Petra Zindler,1984
1183,NOR,Kathrine Bomstad,1984
1184,USA,Tiffany Lisa Cohen,1984
1185,GBR,Sarah Hardcastle,1984
1186,GBR,June Croft,1984
1187,USA,Kimberly Ann Linehan,1984
1188,AUS,Anna Mcvann,1984
1189,NED,Jolande Van Der Meer,1984
1190,FRG,Birgit Kowalczik,1984
1191,CAN,Julie Daigneault,1984
1192,USA,Tracy Anne Caulkins,1984
1193,AUS,Suzanne Landells,1984
1194,FRG,Petra Zindler,1984
1195,USA,Susan Heon,1984
1196,CAN,Nathalie Gingras,1984
1197,CAN,Donna Mcginnis,1984
1198,GBR,Gaynor Stanley,1984
1199,NOR,Kathrine Bomstad,1984
1200,USA,Jill Sterkel,1984
1200,USA,Nancy Lynn Hogshead,1984
1200,USA,Carolyn Steinseifer,1984
1200,USA,Jenna Leigh Johnson,1984
1200,USA,Dara Torres,1984
1200,USA,Mary Alice Wayte,1984
1201,NLD,Elles Voskes,1984
1201,NLD,Annemarie Verstappen,1984
1201,NLD,Desi Reijers,1984
1201,NLD,Wilma Van Velsen,1984
1202,GER,Ina Beyermann,1984
1202,GER,Susanne Schuster,1984
1202,GER,Iris Zscherpe,1984
1202,GER,Christiane Pielke,1984
1202,GER,Karin Seick,1984
1203,AUS,Lisa Gaye Curry-Kenny,1984
1203,AUS,Michelle Pearson,1984
1203,AUS,Anna Mcvann,1984
1203,AUS,Angela Russell,1984
1203,AUS,Janet Tibbits,1984
1204,CAN,Cheryl Mcarton,1984
1204,CAN,Carol Klimpel,1984
1204,CAN,Maureen New,1984
1204,CAN,Jane Kerr,1984
1204,CAN,Pamela Rai,1984
1205,GBR,Nicola Fibbens,1984
1205,GBR,Debra Gore,1984
1205,GBR,Annabelle Cripps,1984
1205,GBR,June Croft,1984
1206,SWE,Petra Hilder,1984
1206,SWE,Maria Kardum,1984
1206,SWE,Agneta Eriksson,1984
1206,SWE,Karin Furuhed,1984
1206,SWE,Ann Linder,1984
1206,SWE,Malin Rundgren,1984
1206,SWE,Suzanne Nilsson,1984
1207,FRA,Laurence Bensimon,1984
1207,FRA,Veronique Jardin,1984
1207,FRA,Sophie Kamoun,1984
1207,FRA,Carole Amoric,1984
1208,USA,Elizabeth Mitchell,1984
1208,USA,Theresa Andrews,1984
1208,USA,Tracy Anne Caulkins,1984
1208,USA,Mary T. Meagher,1984
1208,USA,Nancy Lynn Hogshead,1984
1208,USA,Susan Gerard Rapp,1984
1208,USA,Jenna Leigh Johnson,1984
1208,USA,Carolyn Steinseifer,1984
1209,GER,Karin Seick,1984
1209,GER,Angelika Knipping,1984
1209,GER,Ina Beyermann,1984
1209,GER,Ute Hasse,1984
1209,GER,Svenja Schlicht,1984
1210,CAN,Anne Ottenbrite,1984
1210,CAN,Pamela Rai,1984
1210,CAN,Michelle Mac Pherson,1984
1210,CAN,Reema Abdo,1984
1211,GBR,Sandra Bowman,1984
1211,GBR,Jean Cameron Hill,1984
1211,GBR,Beverley Rose,1984
1211,GBR,Ann Osgerby,1984
1211,GBR,Nicola Fibbens,1984
1211,GBR,June Croft,1984
1211,GBR,Catherine White,1984
1212,ITA,Grazia Colombo,1984
1212,ITA,Manuela Carosi,1984
1212,ITA,Carlotta Tagnin,1984
1212,ITA,Monica Olmi,1984
1212,ITA,Roberta Lanzarotti,1984
1212,ITA,Silvia Persi,1984
1212,ITA,Cristina Quintarelli,1984
1212,ITA,Manuela Dalla Valle,1984
1213,CHE,Marie-Therese Armentero,1984
1213,CHE,Carole Brook,1984
1213,CHE,Eva Gysling,1984
1213,CHE,Patricia Brulhart,1984
1214,JPN,Kaori Yanase,1984
1214,JPN,Naomi Sekido,1984
1214,JPN,Hiroko Nagasaki,1984
1214,JPN,Naoko Kume,1984
1215,SWE,Anna-Karin Eriksson,1984
1215,SWE,Agneta Eriksson,1984
1215,SWE,Petra Hilder,1984
1215,SWE,Agneta Märtensson,1984
1215,SWE,Eva-Marie Hakansson,1984
1215,SWE,Annelie Holmstrom,1984
1215,SWE,Maria Kardum,1984
1216,USA,Tiffany Lisa Cohen,1984
1217,USA,Michele Richardson,1984
1218,GBR,Sarah Hardcastle,1984
1219,AUS,Anna Mcvann,1984
1220,ITA,Carla Lasi,1984
1221,NED,Jolande Van Der Meer,1984
1222,ITA,Monica Olmi,1984
1223,CAN,Karen Ward,1984
1224,GDR,Rica Reinisch,1980
1225,GDR,Ina Kleber,1980
1226,GDR,Petra Riedel,1980
1227,ROU,Carmen Bunaciu,1980
1228,BEL,Carine Verbauwen,1980
1229,URS,Larisa Gorchakova,1980
1230,NED,Monique Bosga,1980
1231,ITA,Manuela Carosi,1980
1232,GDR,Ute Geweniger,1980
1233,URS,Elvira Vasilkova,1980
1234,DEN,Susanne Schultz Nielsson,1980
1235,GBR,Margaret Kelly-Hohmann,1980
1236,SWE,Eva-Marie Hakansson,1980
1237,GBR,Susannah Brownsdon,1980
1238,URS,Lina Kachushite,1980
1239,ITA,Monica Bonon,1980
1240,GDR,Caren Metschuck,1980
1241,GDR,Andrea Pollack,1980
1242,GDR,Christiane Knacke,1980
1243,GBR,Ann Osgerby,1980
1244,AUS,Lisa Gaye Curry-Kenny,1980
1245,SWE,Agneta Märtensson,1980
1246,CRC,Mariam Paris,1980
1247,GBR,Janet Osgerby,1980
1248,GDR,Barbara Krause,1980
1249,GDR,Caren Metschuck,1980
1250,GDR,Ines Diers,1980
1251,URS,Olga Klevakina,1980
1252,NED,Conny Van Bentum,1980
1253,URS,Natalia Strunnikova,1980
1254,FRA,Guylaine Berger,1980
1255,SWE,Agneta Eriksson,1980
1256,GDR,Rica Reinisch,1980
1257,GDR,Cornelia Polit,1980
1258,GDR,Birgit Treiber,1980
1259,ROU,Carmen Bunaciu,1980
1260,BEL,Yolande Van Der Straeten,1980
1261,BEL,Carine Verbauwen,1980
1262,AUS,Lisa Forrest,1980
1263,URS,Larisa Gorchakova,1980
1264,URS,Lina Kachushite,1980
1265,URS,Svetlana Varganova,1980
1266,URS,Yulia Bogdanova,1980
1267,DEN,Susanne Schultz Nielsson,1980
1268,TCH,Irena Fleissnerova,1980
1269,GDR,Ute Geweniger,1980
1270,GDR,Bettina Lobel,1980
1271,GDR,Silvia Rinka,1980
1272,GDR,Ines Geissler,1980
1273,GDR,Sybille Schönrock,1980
1274,AUS,Michelle Ford,1980
1275,GDR,Andrea Pollack,1980
1276,POL,Dorota Brzozowska,1980
1277,GBR,Ann Osgerby,1980
1278,SWE,Agneta Märtensson,1980
1279,URS,Alla Grishchenkova,1980
1280,GDR,Barbara Krause,1980
1281,GDR,Ines Diers,1980
1282,GDR,Carmela Schmidt,1980
1283,URS,Olga Klevakina,1980
1284,NED,Reggie De Jong,1980
1285,GBR,June Croft,1980
1286,URS,Natalia Strunnikova,1980
1287,URS,Irina Aksenova,1980
1288,GDR,Ines Diers,1980
1289,GDR,Petra Schneider,1980
1290,GDR,Carmela Schmidt,1980
1291,AUS,Michelle Ford,1980
1292,URS,Irina Aksenova,1980
1293,NED,Annelies Maas,1980
1294,NED,Reggie De Jong,1980
1295,URS,Olga Klevakina,1980
1296,GDR,Petra Schneider,1980
1297,GBR,Sharron Elizabeth Davies,1980
1298,POL,Agnieszka Czopek,1980
1299,GDR,Grit Slaby,1980
1300,GDR,Ulrike Tauber,1980
1301,BUL,Sonia Dangalakova,1980
1302,URS,Olga Klevakina,1980
1303,POL,Magdalena Bialas,1980
1304,GER,Carmela Schmidt,1980
1304,GER,Barbara Krause,1980
1304,GER,Caren Metschuck,1980
1304,GER,Ines Diers,1980
1304,GER,Sarina Hülsenbeck,1980
1305,SWE,Carina Ljungdahl,1980
1305,SWE,Birgitta Jonsson,1980
1305,SWE,Tina Gustafsson,1980
1305,SWE,Agneta Märtensson,1980
1305,SWE,Agneta Eriksson,1980
1305,SWE,Helena Peterson,1980
1306,NLD,Reggie De Jong,1980
1306,NLD,Annelies Maas,1980
1306,NLD,Wilma Van Velsen,1980
1307,GBR,Jacquelene Willmott,1980
1307,GBR,Sharron Elizabeth Davies,1980
1307,GBR,Kaye Lovatt,1980
1307,GBR,June Croft,1980
1307,GBR,Susan Cooper,1980
1308,AUS,Rosemary Brown,1980
1308,AUS,Karen Van De Graaf,1980
1308,AUS,Michelle Pearson,1980
1308,AUS,Lisa Gaye Curry-Kenny,1980
1309,MEX,Teresa Rivera,1980
1309,MEX,Dagmar Erdman,1980
1309,MEX,Hellen Plaschinski,1980
1309,MEX,Isabel Reuss,1980
1310,BGR,Ani Kostova,1980
1310,BGR,Rumiana Dobreva,1980
1310,BGR,Dobrinka Mincheva,1980
1310,BGR,Sonia Dangalakova,1980
1311,ESP,Margarita Armengol,1980
1311,ESP,Laura Flaque,1980
1311,ESP,Natalia Mas,1980
1311,ESP,Gloria Casado,1980
1312,GER,Ute Geweniger,1980
1312,GER,Andrea Pollack,1980
1312,GER,Rica Reinisch,1980
1312,GER,Sarina Hülsenbeck,1980
1312,GER,Caren Metschuck,1980
1313,GBR,June Croft,1980
1313,GBR,Margaret Kelly-Hohmann,1980
1313,GBR,Ann Osgerby,1980
1313,GBR,Helen Jameson,1980
1314,SUN,Natalia Strunnikova,1980
1314,SUN,Elvira Vasilkova,1980
1314,SUN,Alla Grishchenkova,1980
1314,SUN,Irina Aksenova,1980
1314,SUN,Olga Klevakina,1980
1315,SWE,Carina Ljungdahl,1980
1315,SWE,Ann-Sofi Roos,1980
1315,SWE,Armi Airaksinen,1980
1315,SWE,Tina Gustafsson,1980
1315,SWE,Agneta Märtensson,1980
1315,SWE,Annika Uvehall,1980
1315,SWE,Eva-Marie Hakansson,1980
1316,ITA,Monica Vallarin,1980
1316,ITA,Laura Foralosso,1980
1316,ITA,Sabrina Seminatore,1980
1316,ITA,Cinzia Savi Scarponi,1980
1317,AUS,Lisa Gaye Curry-Kenny,1980
1317,AUS,Rosemary Brown,1980
1317,AUS,Karen Van De Graaf,1980
1317,AUS,Lisa Forrest,1980
1318,ROU,Mariana Paraschiv,1980
1318,ROU,Carmen Bunaciu,1980
1318,ROU,Irinel Adela Panulescu,1980
1318,ROU,Brigitte Prass,1980
1319,BGR,Dobrinka Mincheva,1980
1319,BGR,Ani Moneva,1980
1319,BGR,Tania Bogomilova-Dangalakova,1980
1319,BGR,Sonia Dangalakova,1980
1319,BGR,Ani Kostova,1980
1320,AUS,Michelle Ford,1980
1321,GDR,Ines Diers,1980
1322,GDR,Heike Dähne,1980
1323,URS,Irina Aksenova,1980
1324,URS,Oksana Komissarova,1980
1325,BEL,Pascale Verbauwen,1980
1326,GDR,Ines Geissler,1980
1327,URS,Elena Ivanova,1980
1328,GDR,Ulrike Richter,1976
1329,GDR,Birgit Treiber,1976
1330,CAN,Nancy Ellen Garapick,1976
1331,CAN,Wendy Cook-Hogg,1976
1332,CAN,Cheryl Gibson,1976
1333,URS,Nadezhda Stavko,1976
1334,GDR,Antje Stille,1976
1335,NED,Diane Edelijn,1976
1336,GDR,Hannelore Anke,1976
1337,URS,Lyubov Rusanova,1976
1338,URS,Marina Koshevaya,1976
1339,GDR,Carola Nitschke,1976
1340,FRG,Gabriele Askamp,1976
1341,URS,Maryna Yurchenia,1976
1342,GBR,Margaret Kelly-Hohmann,1976
1343,GDR,Karla Linke,1976
1344,GDR,Kornelia Ender,1976
1345,GDR,Andrea Pollack,1976
1346,USA,Wendy Lansbach Boglioli,1976
1347,USA,Camille Wright,1976
1348,GDR,Rosemarie Kother-Gabriel,1976
1349,CAN,Wendy Quirk,1976
1350,USA,Lelei Alofa Fonoimoana,1976
1351,URS,Tamara Shelofastova,1976
1352,GDR,Kornelia Ender,1976
1353,GDR,Petra Priemer,1976
1354,NED,Enith Brigitha,1976
1355,USA,Kim Marie Peyton,1976
1356,USA,Shirley Farber Babashoff,1976
1357,GDR,Claudia Hempel,1976
1358,USA,Jill Sterkel,1976
1359,FRG,Judith (Jutta) Weber,1976
1360,GDR,Ulrike Richter,1976
1361,GDR,Birgit Treiber,1976
1362,CAN,Nancy Ellen Garapick,1976
1363,URS,Nadezhda Stavko,1976
1364,USA,Melissa Louise Belote,1976
1365,GDR,Antje Stille,1976
1366,URS,Klavdiya Studennikova,1976
1367,CAN,Wendy Cook-Hogg,1976
1368,URS,Marina Koshevaya,1976
1369,URS,Maryna Yurchenia,1976
1370,URS,Lyubov Rusanova,1976
1371,GDR,Hannelore Anke,1976
1372,GDR,Karla Linke,1976
1373,GDR,Carola Nitschke,1976
1374,GBR,Margaret Kelly-Hohmann,1976
1375,GBR,Deborah Rudd,1976
1376,GDR,Andrea Pollack,1976
1377,GDR,Ulrike Tauber,1976
1378,GDR,Rosemarie Kother-Gabriel,1976
1379,USA,Karen Patricia Moe-Thornton,1976
1380,CAN,Wendy Quirk,1976
1381,CAN,Cheryl Gibson,1976
1382,URS,Tamara Shelofastova,1976
1383,URS,Natalya Popova,1976
1384,GDR,Kornelia Ender,1976
1385,USA,Shirley Farber Babashoff,1976
1386,NED,Enith Brigitha,1976
1387,NED,Annelies Maas,1976
1388,CAN,Gail Amundrud,1976
1389,USA,Jennifer Leigh Hooker,1976
1390,GDR,Claudia Hempel,1976
1391,URS,Irina Vlasova,1976
1392,GDR,Petra Thümer,1976
1393,USA,Shirley Farber Babashoff,1976
1394,CAN,Shannon Smith,1976
1395,NZL,Rebecca Perrott,1976
1396,USA,Kathy Heddy,1976
1397,USA,Brenda Grace Borgh,1976
1398,NED,Annelies Maas,1976
1399,GDR,Sabine Kahle,1976
1400,GDR,Ulrike Tauber,1976
1401,CAN,Cheryl Gibson,1976
1402,CAN,Becky Smith,1976
1403,GDR,Birgit Treiber,1976
1404,GDR,Sabine Kahle,1976
1405,USA,Donna Lee Wennerstrom,1976
1406,CAN,Joann Baker,1976
1407,NZL,Monique Rodahl,1976
1408,USA,Shirley Farber Babashoff,1976
1408,USA,Kim Marie Peyton,1976
1408,USA,Jennifer Leigh Hooker,1976
1408,USA,Wendy Lansbach Boglioli,1976
1408,USA,Jill Sterkel,1976
1409,GER,Andrea Pollack,1976
1409,GER,Petra Priemer,1976
1409,GER,Kornelia Ender,1976
1409,GER,Claudia Hempel,1976
1410,CAN,Gail Amundrud,1976
1410,CAN,Deborah Clarke,1976
1410,CAN,Barbara Lynny Clark,1976
1410,CAN,Anne Elizabeth Jardin,1976
1411,NLD,Annelies Maas,1976
1411,NLD,Berber Kamstra,1976
1411,NLD,Linda Faber,1976
1411,NLD,Enith Brigitha,1976
1411,NLD,Catharina (Ineke) Ran,1976
1412,SUN,Larisa Tsareva,1976
1412,SUN,Irina Vlasova,1976
1412,SUN,Marina Klyuchnikova,1976
1412,SUN,Lyubov Kobzeva,1976
1413,FRA,Chantal Schertz,1976
1413,FRA,Caroline Carpentier,1976
1413,FRA,Guylaine Berger,1976
1414,SWE,Gunilla Lundberg,1976
1414,SWE,Ylva Persson,1976
1414,SWE,Diana Olsson,1976
1414,SWE,Carina Ljungdahl,1976
1414,SWE,Ida Hansson,1976
1414,SWE,Pia Martensson,1976
1415,GER,Gudrun Beckmann,1976
1415,GER,Regina Nissen,1976
1415,GER,Beate Jasch,1976
1415,GER,Judith (Jutta) Weber,1976
1415,GER,Marion Platten,1976
1416,GER,Birgit Treiber,1976
1416,GER,Hannelore Anke,1976
1416,GER,Rosemarie Kother-Gabriel,1976
1416,GER,Ulrike Richter,1976
1416,GER,Petra Priemer,1976
1416,GER,Andrea Pollack,1976
1416,GER,Carola Nitschke,1976
1416,GER,Kornelia Ender,1976
1417,USA,Linda Louise Jezek,1976
1417,USA,Lelei Alofa Fonoimoana,1976
1417,USA,Wendy Lansbach Boglioli,1976
1417,USA,Camille Wright,1976
1417,USA,Shirley Farber Babashoff,1976
1417,USA,Laura Gail Siering,1976
1418,CAN,Deborah Clarke,1976
1418,CAN,Wendy Cook-Hogg,1976
1418,CAN,Susan Estelle Smith-Sloan,1976
1418,CAN,Anne Elizabeth Jardin,1976
1418,CAN,Robin Marie Corsiglia,1976
1419,SUN,Larisa Tsareva,1976
1419,SUN,Tamara Shelofastova,1976
1419,SUN,Nadezhda Stavko,1976
1420,NLD,Josefine (Jose) Damen,1976
1420,NLD,Wijda Mazereeuw,1976
1420,NLD,Diane Edelijn,1976
1420,NLD,Catharina (Ineke) Ran,1976
1420,NLD,Enith Brigitha,1976
1421,GBR,Deborah Hill,1976
1421,GBR,Elaine Dorothy Gray,1976
1421,GBR,Margaret Kelly-Hohmann,1976
1421,GBR,Joy Beasley,1976
1421,GBR,Joanne Louise Atkinson,1976
1421,GBR,Susan Pamela Jenner,1976
1422,JPN,Kazuyo Inaba,1976
1422,JPN,Toshiko Haruoka,1976
1422,JPN,Yoshimi Nishigawa,1976
1422,JPN,Yasue Hatsuda,1976
1422,JPN,Sachiko Yamazaki,1976
1423,AUS,Allison Smith,1976
1423,AUS,Judith Hudson,1976
1423,AUS,Glenda Robertson,1976
1423,AUS,Linda Hanel,1976
1423,AUS,Lyle Smith,1976
1423,AUS,Jenny Tate,1976
1423,AUS,Michelle Devries,1976
1424,GDR,Petra Thümer,1976
1425,USA,Shirley Farber Babashoff,1976
1426,USA,Wendy Elizabeth Weinberg,1976
1427,AUS,Rosemary Milgate,1976
1428,USA,Nicole Kramer,1976
1429,CAN,Shannon Smith,1976
1430,GDR,Regina Jäger,1976
1431,AUS,Jenny Turrall,1976
1432,USA,Melissa Louise Belote,1972
1433,HUN,Andrea Gyarmati,1972
1434,USA,Susanne Jean Atwood,1972
1435,USA,Karen Patricia Moe-Thornton,1972
1436,CAN,Wendy Cook-Hogg,1972
1437,NED,Enith Brigitha,1972
1438,GDR,Christine Herbst,1972
1439,FRG,Silke Pielen,1972
1440,USA,Catherine L. Carr,1972
1441,URS,Halyna Prozumenshchykova-Stepanova,1972
1442,AUS,Beverley Joy Whitfield,1972
1443,HUN,Agnes Kaczander-Kiss,1972
1444,USA,Judith Ellen Melick,1972
1445,FRG,Verena (Vreni) Eberle,1972
1446,SWE,Britt-Marie Smedh,1972
1447,GBR,Dorothy Elizabeth Harrison,1972
1448,JPN,Mayumi Aoki,1972
1449,GDR,Roswitha Beier,1972
1450,HUN,Andrea Gyarmati,1972
1451,USA,Deena Diana Deardruff,1972
1452,USA,Dana Jayne Shrader,1972
1453,USA,Eleanor Suzanne Daniel,1972
1454,FRG,Gudrun Beckmann,1972
1455,JPN,Noriko Asano,1972
1456,USA,Alexandra Lynn Neilson,1972
1457,USA,Shirley Farber Babashoff,1972
1458,AUS,Shane Gould,1972
1459,GDR,Gabriele Wetzko,1972
1460,FRG,Heidemarie Reineck,1972
1461,GDR,Andrea Eife,1972
1462,HUN,Magdolna Patoh,1972
1463,NED,Enith Brigitha,1972
1464,USA,Melissa Louise Belote,1972
1465,USA,Susanne Jean Atwood,1972
1466,CAN,Donna Marie Gurr,1972
1467,FRG,Annegret Kober,1972
1468,GDR,Christine Herbst,1972
1469,NED,Enith Brigitha,1972
1470,AUS,Deborah Palmer,1972
1471,CAN,Leslie Cliff,1972
1472,AUS,Beverley Joy Whitfield,1972
1473,USA,Dana Lee Schoenfield,1972
1474,URS,Halyna Prozumenshchykova-Stepanova,1972
1475,USA,Claudia Jean Clevenger,1972
1476,FRG,Petra Nows,1972
1477,HUN,Agnes Kaczander-Kiss,1972
1478,URS,Lyudmila Porubaiko,1972
1479,HUN,Eva Kiss,1972
1480,USA,Karen Patricia Moe-Thornton,1972
1481,USA,Lynn Ann Colella,1972
1482,USA,Eleanor Suzanne Daniel,1972
1483,GDR,Rosemarie Kother-Gabriel,1972
1484,JPN,Noriko Asano,1972
1485,GDR,Helga Lindner,1972
1486,AUS,Gail Neall,1972
1487,JPN,Mayumi Aoki,1972
1488,AUS,Shane Gould,1972
1489,USA,Shirley Farber Babashoff,1972
1490,USA,Keena Ruth Rothhammer,1972
1491,USA,Barbara Ann Marshall,1972
1492,GDR,Andrea Eife,1972
1493,NED,Johanna (Hansje) Bunschoten,1972
1494,NED,Cotharina (Anke) Rijnders,1972
1495,GDR,Karin Tülling,1972
1496,AUS,Shane Gould,1972
1497,GDR,Kornelia Ender,1972
1498,USA,Lynn Marie Vidali,1972
1499,USA,Jennifer Ann Bartz,1972
1500,CAN,Leslie Cliff,1972
1501,GDR,Evelyn Stolze,1972
1502,JPN,Yoshimi Nishigawa,1972
1503,USA,Carolyn Ann Woods,1972
1504,AUS,Shane Gould,1972
1505,ITA,Novella Calligaris,1972
1506,GDR,Gudrun Wegner,1972
1507,USA,Shirley Farber Babashoff,1972
1508,USA,Jenny Wylie,1972
1509,USA,Keena Ruth Rothhammer,1972
1510,NED,Johanna (Hansje) Bunschoten,1972
1511,NED,Cotharina (Anke) Rijnders,1972
1512,AUS,Gail Neall,1972
1513,CAN,Leslie Cliff,1972
1514,ITA,Novella Calligaris,1972
1515,USA,Jennifer Ann Bartz,1972
1516,GDR,Evelyn Stolze,1972
1517,USA,Mary Coulter Montgomery,1972
1518,USA,Lynn Marie Vidali,1972
1519,URS,Nina Petrova,1972
1520,USA,Barbara Ann Marshall,1972
1520,USA,Kim Marie Peyton,1972
1520,USA,Lynn Ellen Skrifvars,1972
1520,USA,Shirley Farber Babashoff,1972
1520,USA,Jennifer Jo Kemp,1972
1520,USA,Alexandra Lynn Neilson,1972
1520,USA,Jane Louise Barkman,1972
1521,GER,Sylvia Eichner,1972
1521,GER,Andrea Eife,1972
1521,GER,Elke Sehmisch,1972
1521,GER,Kornelia Ender,1972
1521,GER,Gabriele Wetzko,1972
1522,GER,Gudrun Beckmann,1972
1522,GER,Angela Steinbach,1972
1522,GER,Heidemarie Reineck,1972
1522,GER,Judith (Jutta) Weber,1972
1523,HUN,Andrea Gyarmati,1972
1523,HUN,Magdolna Patoh,1972
1523,HUN,Edit Kovacs,1972
1524,NLD,Cotharina (Anke) Rijnders,1972
1524,NLD,Enith Brigitha,1972
1524,NLD,Johanna (Hansje) Bunschoten,1972
1524,NLD,Josephine (Jozien) Elzerman,1972
1525,SWE,Diana Olsson,1972
1525,SWE,Eva Andersson,1972
1525,SWE,Anita Zarnowiecki,1972
1525,SWE,Irwi Johansson,1972
1526,CAN,Wendy Cook-Hogg,1972
1526,CAN,Mary Beth Rondeau,1972
1526,CAN,Leslie Cliff,1972
1527,AUS,Shane Gould,1972
1527,AUS,Debra Cain,1972
1527,AUS,Sharon Booth,1972
1527,AUS,Deborah Palmer,1972
1527,AUS,Leanne Francis,1972
1528,USA,Dana Jayne Shrader,1972
1528,USA,Susanne Jean Atwood,1972
1528,USA,Jennifer Jo Kemp,1972
1528,USA,Judith Ellen Melick,1972
1528,USA,Melissa Louise Belote,1972
1528,USA,Deena Diana Deardruff,1972
1528,USA,Alexandra Lynn Neilson,1972
1528,USA,Catherine L. Carr,1972
1528,USA,Shirley Farber Babashoff,1972
1529,GER,Gabriele Wetzko,1972
1529,GER,Rosemarie Kother-Gabriel,1972
1529,GER,Brigitte Schuchardt,1972
1529,GER,Kornelia Ender,1972
1529,GER,Roswitha Beier,1972
1529,GER,Christine Herbst,1972
1529,GER,Renate Vogel,1972
1530,GER,Dagmar Sierck,1972
1530,GER,Gudrun Beckmann,1972
1530,GER,Edeltraud Koch,1972
1530,GER,Annegret Kober,1972
1530,GER,Silke Pielen,1972
1530,GER,Heidemarie Reineck,1972
1530,GER,Judith (Jutta) Weber,1972
1530,GER,Verena (Vreni) Eberle,1972
1530,GER,Heike Hustede-Nagel,1972
1531,SUN,Nina Petrova,1972
1531,SUN,Tatyana Zolotnitskaya,1972
1532,NLD,Enith Brigitha,1972
1532,NLD,Marianne Vermaat,1972
1532,NLD,Cotharina (Anke) Rijnders,1972
1532,NLD,Friederike (Frieke) Buys,1972
1532,NLD,Alice (Alie) Te Riet,1972
1532,NLD,Johanna (Hansje) Bunschoten,1972
1533,JPN,Suzuko Matsumura,1972
1533,JPN,Yuko Yamamoto,1972
1533,JPN,Kikuyo Ishii,1972
1533,JPN,Yoshimi Nishigawa,1972
1533,JPN,Shigeko Kawanishi,1972
1533,JPN,Mayumi Aoki,1972
1534,CAN,Donna Marie Gurr,1972
1534,CAN,Sylvia Dockerill-Dodd,1972
1534,CAN,Mary Beth Rondeau,1972
1534,CAN,Wendy Cook-Hogg,1972
1534,CAN,Leslie Cliff,1972
1534,CAN,Marian Stuart-Johnson,1972
1535,SWE,Jeanette Pettersson,1972
1535,SWE,Diana Olsson,1972
1535,SWE,Anita Zarnowiecki,1972
1535,SWE,Britt-Marie Smedh,1972
1535,SWE,Eva Wikner,1972
1536,USA,Keena Ruth Rothhammer,1972
1537,AUS,Shane Gould,1972
1538,ITA,Novella Calligaris,1972
1539,USA,Ann Simmons,1972
1540,GDR,Gudrun Wegner,1972
1541,USA,Jo Ann Harshbarger,1972
1542,NED,Johanna (Hansje) Bunschoten,1972
1543,AUS,Narelle Moras,1972
1544,USA,Kaye Marie Hall,1968
1545,CAN,Elaine Tanner,1968
1546,USA,Jane Ellen Swagerty,1968
1547,USA,Kendis Marion Moore,1968
1548,HUN,Andrea Gyarmati,1968
1549,AUS,Lynette Watson,1968
1550,FRA,Sylvie Canet-Le Noach,1968
1551,NZL,Glenda Joy Stirling,1968
1552,YUG,Djurdjica Bjedov,1968
1553,URS,Halyna Prozumenshchykova-Stepanova,1968
1554,USA,Sharon Lynn Wichman,1968
1555,FRG,Uta Frommater,1968
1556,USA,Catherine Ball,1968
1557,JPN,Kiyoe Nakagawa,1968
1558,URS,Svetlana Babanina,1968
1559,URU,Ana-Maria Norbis,1968
1560,AUS,Lynette Mcclements,1968
1561,USA,Eleanor Suzanne Daniel,1968
1562,USA,Susanne Marie Shields,1968
1563,NED,Aagje Ada Kok,1968
1564,HUN,Andrea Gyarmati,1968
1565,FRG,Heike Hustede-Nagel,1968
1566,USA,Antonia (Toni) Hewitt,1968
1567,GDR,Helga Lindner,1968
1568,USA,Jane Margo Henne,1968
1569,USA,Susan Jane Pedersen,1968
1570,USA,Linda Lee Gustavson,1968
1571,CAN,Marion Beverly Lay,1968
1572,GDR,Martina Grunert,1968
1573,GBR,Alexandra Elizabeth Jackson,1968
1574,YUG,Mirjana Šegrt,1968
1575,HUN,Judit Turóczy,1968
1576,USA,Lillian Debra Watson,1968
1577,CAN,Elaine Tanner,1968
1578,USA,Kaye Marie Hall,1968
1579,AUS,Lynette Watson,1968
1580,GBR,Wendy Burrell,1968
1581,YUG,Zdenka Gasparac,1968
1582,ESP,Maria Paz Corominas Guerin,1968
1583,FRA,Benedicte Duprez,1968
1584,USA,Sharon Lynn Wichman,1968
1585,YUG,Djurdjica Bjedov,1968
1586,URS,Halyna Prozumenshchykova-Stepanova,1968
1587,URS,Alla Grebennikova,1968
1588,USA,Catherine Jamison,1968
1589,URS,Svetlana Babanina,1968
1590,JPN,Chieno Shibata,1968
1591,URU,Ana-Maria Norbis,1968
1592,NED,Aagje Ada Kok,1968
1593,GDR,Helga Lindner,1968
1594,USA,Eleanor Suzanne Daniel,1968
1595,USA,Antonia (Toni) Hewitt,1968
1596,FRG,Heike Hustede-Nagel,1968
1597,USA,Diane Jean Giebel,1968
1598,GBR,Margaret M. Auton,1968
1599,JPN,Yasuko Fujii,1968
1600,USA,Debbie Meyer,1968
1601,USA,Jane Margo Henne,1968
1602,USA,Jane Louise Barkman,1968
1603,GDR,Gabriele Wetzko,1968
1604,YUG,Mirjana Šegrt,1968
1605,FRA,Claude Mandonnaud,1968
1606,AUS,Lynette Bell,1968
1607,TCH,Oľga Kozičová,1968
1608,USA,Claudia Anne Kolb,1968
1609,USA,Susan Jane Pedersen,1968
1610,USA,Jane Margo Henne,1968
1611,GDR,Sabine Steinbach,1968
1612,JPN,Yoshimi Nishigawa,1968
1613,GDR,Marianne Seydel,1968
1614,URS,Larisa Zakharova,1968
1615,GBR,Shelagh Hudson Ratcliffe,1968
1616,USA,Debbie Meyer,1968
1617,USA,Linda Lee Gustavson,1968
1618,AUS,Karen Lynne Moras,1968
1619,USA,Pamela Jean Kruse,1968
1620,GDR,Gabriele Wetzko,1968
1621,MEX,Maria Teresa Ramirez,1968
1622,CAN,Angela Coughlaw,1968
1623,SWE,Elisabeth Ljunggren-Morris,1968
1624,USA,Claudia Anne Kolb,1968
1625,USA,Lynn Marie Vidali,1968
1626,GDR,Sabine Steinbach,1968
1627,USA,Susan Jane Pedersen,1968
1628,GBR,Shelagh Hudson Ratcliffe,1968
1629,GDR,Marianne Seydel,1968
1630,NZL,Kathleen Tui Shipston,1968
1631,MEX,Laura Vaca,1968
1632,USA,Linda Lee Gustavson,1968
1632,USA,Jane Margo Henne,1968
1632,USA,Jane Louise Barkman,1968
1632,USA,Susan Jane Pedersen,1968
1633,GER,Roswitha Krause,1968
1633,GER,Martina Grunert,1968
1633,GER,Gabriele Wetzko,1968
1633,GER,Uta Schmuck,1968
1633,GER,Gabriele Perthes,1968
1634,CAN,Angela Coughlaw,1968
1634,CAN,Marion Beverly Lay,1968
1634,CAN,Elaine Tanner,1968
1635,AUS,Janet Steinbeck,1968
1635,AUS,Julie Mcdonald,1968
1635,AUS,Lynette Bell,1968
1635,AUS,Susan Eddy,1968
1635,AUS,Lynette Watson,1968
1636,HUN,Magdolna Patoh,1968
1636,HUN,Edit Kovacs,1968
1636,HUN,Andrea Gyarmati,1968
1637,JPN,Yoshimi Nishigawa,1968
1637,JPN,Shigeko Kawanishi,1968
1637,JPN,Miwako Kobayashi,1968
1637,JPN,Yasuko Fujii,1968
1637,JPN,Yumiko Ono,1968
1638,GBR,Shelagh Hudson Ratcliffe,1968
1638,GBR,Alexandra Elizabeth Jackson,1968
1638,GBR,Fiona J. Kellock,1968
1638,GBR,Susan Elizabeth Williams,1968
1639,FRA,Marie Josephe Kersaudy,1968
1639,FRA,Daniele Dorleans,1968
1639,FRA,Simone Hanner,1968
1639,FRA,Claude Mandonnaud,1968
1640,USA,Susan Jane Pedersen,1968
1640,USA,Eleanor Suzanne Daniel,1968
1640,USA,Jane Ellen Swagerty,1968
1640,USA,Susanne Jean Jones,1968
1640,USA,Catherine Ball,1968
1640,USA,Jane Margo Henne,1968
1640,USA,Kaye Marie Hall,1968
1640,USA,Susanne Marie Shields,1968
1641,AUS,Lynette Watson,1968
1641,AUS,Janet Steinbeck,1968
1641,AUS,Judith Playfair,1968
1641,AUS,Lynette Bell,1968
1641,AUS,Lynette Mcclements,1968
1642,GER,Heike Hustede-Nagel,1968
1642,GER,Angelika Kraus,1968
1642,GER,Heidemarie Reineck,1968
1642,GER,Uta Frommater,1968
1643,SUN,Alla Grebennikova,1968
1643,SUN,Larisa Zakharova,1968
1644,GER,Helga Lindner,1968
1644,GER,Martina Grunert,1968
1644,GER,Uta Schmuck,1968
1644,GER,Eva Wittke,1968
1645,GBR,Alexandra Elizabeth Jackson,1968
1645,GBR,Margaret M. Auton,1968
1645,GBR,Wendy Burrell,1968
1645,GBR,Dorothy Elizabeth Harrison,1968
1646,NLD,Jacobje (Cobie) J. Buter,1968
1646,NLD,Petronella (Nelly) Bos,1968
1646,NLD,Aagje Ada Kok,1968
1646,NLD,Clena Geertje Bimolt,1968
1647,HUN,Maria Balla-Lantos,1968
1647,HUN,Andrea Gyarmati,1968
1647,HUN,Edit Kovacs,1968
1648,USA,Debbie Meyer,1968
1649,USA,Pamela Jean Kruse,1968
1650,MEX,Maria Teresa Ramirez,1968
1651,AUS,Karen Lynne Moras,1968
1652,USA,Patricia Caretto,1968
1653,CAN,Angela Coughlaw,1968
1654,AUS,Denise Langford,1968
1655,MEX,Laura Vaca,1968
1656,USA,Cathy Ferguson,1964
1657,FRA,Christine (Kiki) Caron,1964
1658,USA,Virginia Ruth Duenkel,1964
1659,JPN,Satoko Tanaka,1964
1660,USA,Nina Adams Harmer,1964
1661,GBR,Linda Kay Ludgrove,1964
1662,CAN,Eileen Weir,1964
1663,GBR,Jill Rosemary Norfolk,1964
1664,USA,Sharon Marie Stouder,1964
1665,NED,Aagje Ada Kok,1964
1666,USA,Kathy Ellis,1964
1667,FIN,Eila Marjatta Pyrhonen,1964
1668,USA,Donna Elizabeth De Varona,1964
1669,GER,Heike Hustede-Nagel,1964
1670,JPN,Eiko Takahashi,1964
1671,CAN,Mary Pauline Stewart,1964
1672,AUS,Dawn Fraser,1964
1673,USA,Sharon Marie Stouder,1964
1674,USA,Kathy Ellis,1964
1675,NED,Erica Georgine Terpstra,1964
1676,CAN,Marion Beverly Lay,1964
1677,HUN,Csilla Madarasz-Bajnogel-Dobai,1964
1678,SWE,Ann-Christine Hagberg,1964
1679,AUS,Lynette Bell,1964
1680,URS,Halyna Prozumenshchykova-Stepanova,1964
1681,USA,Claudia Anne Kolb,1964
1682,URS,Svetlana Babanina,1964
1683,GBR,Stella Marian M. Mitchell,1964
1684,GBR,Jill Slattery,1964
1685,GER,Bärbel Grimmer,1964
1686,NED,Clena Geertje Bimolt,1964
1687,GER,Ursula Küper,1964
1688,USA,Virginia Ruth Duenkel,1964
1689,USA,Marilyn Ramenofsky,1964
1690,USA,Therese Lee Stickles,1964
1691,AUS,Dawn Fraser,1964
1692,CAN,Jane Marion Hughes-Rogers,1964
1693,GBR,Elizabeth Carole Long,1964
1694,AUS,Kim Herford,1964
1695,SWE,Ann-Charlotte Lilja,1964
1696,USA,Donna Elizabeth De Varona,1964
1697,USA,Sharon Evans Finneran,1964
1698,USA,Martha Irene Randall,1964
1699,GER,Veronika Holletz,1964
1700,AUS,Linda Carol Mcgill,1964
1701,NED,Elisabeth Anna Heukels,1964
1702,GBR,Anita Lonsbrough,1964
1703,HUN,Marta Egervary,1964
1704,USA,Patience Halsey Sherman,1964
1704,USA,Donna Elizabeth De Varona,1964
1704,USA,Erica Eloise Bricker,1964
1704,USA,Jeanne Courtney Hallock,1964
1704,USA,Lynn Marie Allsup,1964
1704,USA,Lillian Debra Watson,1964
1704,USA,Kathy Ellis,1964
1704,USA,Sharon Marie Stouder,1964
1705,AUS,Dawn Fraser,1964
1705,AUS,Robyn Thorn,1964
1705,AUS,Lynette Bell,1964
1705,AUS,Janice Murphy,1964
1705,AUS,Jan Turner,1964
1706,NLD,Paulina Van Der Wildt,1964
1706,NLD,Wilhelmina Van Weerdenburg,1964
1706,NLD,Erica Georgine Terpstra,1964
1706,NLD,Catharina Johanna Beumer,1964
1707,HUN,Maria Frank,1964
1707,HUN,Eva Erdelyi,1964
1707,HUN,Katalin Takacs,1964
1707,HUN,Csilla Madarasz-Bajnogel-Dobai,1964
1708,SWE,Lotten Andersson,1964
1708,SWE,Ulla Jafvert,1964
1708,SWE,Ann-Charlotte Lilja,1964
1708,SWE,Ann-Christine Hagberg,1964
1709,GER,Rita Schumacher,1964
1709,GER,Martina Grunert,1964
1709,GER,Heidi Pechstein,1964
1709,GER,Gertrude (Trudi) Beierlein,1964
1710,CAN,Patricia E. Thompson,1964
1710,CAN,Helen Louise Kennedy,1964
1710,CAN,Marion Beverly Lay,1964
1710,CAN,Mary Pauline Stewart,1964
1711,ITA,Daniela Beneck,1964
1711,ITA,Mara Sacchi,1964
1711,ITA,Paola Saini,1964
1711,ITA,Maria Cristina Pacifici,1964
1712,USA,Sharon Marie Stouder,1964
1712,USA,Cynthia Lee Goyette,1964
1712,USA,Judith Anne Reeder,1964
1712,USA,Cathy Ferguson,1964
1712,USA,Nina Adams Harmer,1964
1712,USA,Susanne Kay Pitt,1964
1712,USA,Lillian Debra Watson,1964
1712,USA,Kathy Ellis,1964
1713,NLD,Aartje Elisabeth Lasterie,1964
1713,NLD,Clena Geertje Bimolt,1964
1713,NLD,Aagje Ada Kok,1964
1713,NLD,Erica Georgine Terpstra,1964
1713,NLD,Kornelia Winkel,1964
1714,SUN,Natalya Bystrova,1964
1714,SUN,Svetlana Babanina,1964
1714,SUN,Natalya Ustinova,1964
1714,SUN,Tatyana Savelyeva,1964
1715,JPN,Satoko Tanaka,1964
1715,JPN,Noriko Yamamoto,1964
1715,JPN,Eiko Takahashi,1964
1715,JPN,Michiko Kihara,1964
1716,GBR,Jill Rosemary Norfolk,1964
1716,GBR,Elizabeth Carole Long,1964
1716,GBR,Mary Anne Cotterill,1964
1716,GBR,Stella Marian M. Mitchell,1964
1716,GBR,Linda Kay Ludgrove,1964
1717,CAN,Helen Louise Kennedy,1964
1717,CAN,Marion Beverly Lay,1964
1717,CAN,Mary Pauline Stewart,1964
1717,CAN,Eileen Weir,1964
1718,GER,Bärbel Grimmer,1964
1718,GER,Ingrid Schmidt,1964
1718,GER,Heike Hustede-Nagel,1964
1718,GER,Martina Grunert,1964
1719,HUN,Csilla Madarasz-Bajnogel-Dobai,1964
1719,HUN,Maria Balla-Lantos,1964
1719,HUN,Marta Egervary,1964
1719,HUN,Zsuzsa Kovacs,1964
1720,USA,Lynn Edythe Burke,1960
1721,GBR,Natalie Alwyne Steward,1960
1722,JPN,Satoko Tanaka,1960
1723,RSA,Laura Ranwell,1960
1724,FRA,Rose Piacentini,1960
1725,GBR,Sylvia Anne Lewis,1960
1726,NED,Maria (Ria) Martina Van Velsen,1960
1727,FRA,Nadine Delache,1960
1728,USA,Carolyn Jane Schuler,1960
1729,NED,Marianne Yvonne Heemskerk,1960
1730,AUS,Janice Andrew,1960
1731,GBR,Sheila Watt,1960
1732,NED,Aartje Johanna Voorbij,1960
1733,URS,Zinaida Belovetskaya,1960
1734,SWE,Kristina Larsson,1960
1735,USA,Carolyn Virginia Wood,1960
1736,AUS,Dawn Fraser,1960
1737,USA,Chris Von Saltza,1960
1738,GBR,Natalie Alwyne Steward,1960
1739,USA,Carolyn Virginia Wood,1960
1740,HUN,Csilla Madarasz-Bajnogel-Dobai,1960
1741,NED,Erica Georgine Terpstra,1960
1742,NED,Cocki Van Engelsdorp Gastelaars,1960
1743,CAN,Mary Pauline Stewart,1960
1744,GBR,Anita Lonsbrough,1960
1745,GER,Wiltrud Urselmann,1960
1746,GER,Barbara Göbel,1960
1747,NED,Adelaide Henriette (Ada) Den Haan,1960
1748,NED,Margretta (Gretta) Kok,1960
1749,USA,Anna Kindel Warner,1960
1750,USA,Patricia Kempner,1960
1751,DEN,Dorrit Gosmer Kristensen,1960
1752,USA,Chris Von Saltza,1960
1753,SWE,Jane Cederqvist,1960
1754,NED,Catharina (Tineke) Lagerberg,1960
1755,AUS,Ilsa Konrads,1960
1756,AUS,Dawn Fraser,1960
1757,GBR,Nancy Rae,1960
1758,NED,Cornelia Hendrika Schimmel,1960
1759,SWE,Birgitta Segerstrom,1960
1760,USA,Shirley Anne Stobs,1960
1760,USA,Chris Von Saltza,1960
1760,USA,Susan Elizabeth Doerr,1960
1760,USA,Joan Arlene Spillane,1960
1760,USA,Carolyn Virginia Wood,1960
1760,USA,Mary (Molly) Rae Botkin,1960
1760,USA,Donna Elizabeth De Varona,1960
1760,USA,Sylvia Eliina Ruuska,1960
1761,AUS,Alva Colquhoun,1960
1761,AUS,Dawn Fraser,1960
1761,AUS,Sandra Anne Morgan,1960
1761,AUS,Ruth Rhonda Everuss,1960
1761,AUS,Lorraine Joyce Crapp,1960
1761,AUS,Ilsa Konrads,1960
1762,GER,Gisela Weiss,1960
1762,GER,Christel Steffin,1960
1762,GER,Heidi Pechstein,1960
1762,GER,Ursula Brunner,1960
1763,HUN,Maria Frank,1960
1763,HUN,Katalin Boros,1960
1763,HUN,Csilla Madarasz-Bajnogel-Dobai,1960
1764,GBR,Judith V. Samuel,1960
1764,GBR,Christine Robertson Harris,1960
1764,GBR,Natalie Alwyne Steward,1960
1764,GBR,Beryl O. Noakes,1960
1765,SWE,Inger Thorngren,1960
1765,SWE,Kristina Larsson,1960
1765,SWE,Birgitta Segerstrom,1960
1765,SWE,Karin Larsson,1960
1766,ITA,Anna Maria Cecchi,1960
1766,ITA,Rosanna Contardo,1960
1766,ITA,Paola Saini,1960
1766,ITA,Daniela Beneck,1960
1766,ITA,Maria Cristina Pacifici,1960
1767,SUN,Ulvi Voog,1960
1767,SUN,Galina Sosnova,1960
1767,SUN,Marina Shamal,1960
1767,SUN,Irina Lyakhovskaya,1960
1768,USA,Joan Arlene Spillane,1960
1768,USA,Carolyn Jane Schuler,1960
1768,USA,Anna Kindel Warner,1960
1768,USA,Chris Von Saltza,1960
1768,USA,Lynn Edythe Burke,1960
1768,USA,Patricia Kempner,1960
1768,USA,Carolyn Virginia Wood,1960
1769,AUS,Ilsa Konrads,1960
1769,AUS,Dawn Fraser,1960
1769,AUS,Rosemary Lassig,1960
1769,AUS,Maryleen Joy Wilson,1960
1769,AUS,Janice Andrew,1960
1770,GER,Bärbel Fuhrmann,1960
1770,GER,Ingrid Schmidt,1960
1770,GER,Ursula Brunner,1960
1770,GER,Ursula Küper,1960
1771,NLD,Marianne Yvonne Heemskerk,1960
1771,NLD,Erica Georgine Terpstra,1960
1771,NLD,Maria (Ria) Martina Van Velsen,1960
1771,NLD,Adelaide Henriette (Ada) Den Haan,1960
1771,NLD,Catharina (Tineke) Lagerberg,1960
1772,GBR,Jean Oldroyd,1960
1772,GBR,Sylvia Anne Lewis,1960
1772,GBR,Anita Lonsbrough,1960
1772,GBR,Natalie Alwyne Steward,1960
1772,GBR,Sheila Watt,1960
1773,HUN,Magdolna David,1960
1773,HUN,Klara Killerman Bartos,1960
1773,HUN,Csilla Madarasz-Bajnogel-Dobai,1960
1773,HUN,Marta Egervary,1960
1774,JPN,Yoshiko Takamatsu,1960
1774,JPN,Yoshiko Sato,1960
1774,JPN,Satoko Tanaka,1960
1774,JPN,Shizue Miyabe,1960
1775,SUN,Marina Shamal,1960
1775,SUN,Lyudmila Korobova,1960
1775,SUN,Zinaida Belovetskaya,1960
1775,SUN,Valentina Poznyak,1960
1775,SUN,Larisa Viktorova,1960
1776,GBR,Judith Brenda Grinham,1956
1777,USA,Carin Alice Cone,1956
1778,GBR,Margaret Edwards,1956
1779,GER,Helga Schmidt-Neuber,1956
1780,USA,Maureen Elizabeth Murphy,1956
1781,GBR,Julie Hoyle,1956
1782,CAN,Sara Barber-Jenkins,1956
1783,AUS,Gerganiya Beckitt,1956
1784,USA,Shelley Isabel Mann,1956
1785,USA,Nancy Jane Ramey,1956
1786,USA,Mary Jane Sears,1956
1787,HUN,Mária Littomeritzky,1956
1788,AUS,Beverly Bainbridge,1956
1789,GER,Jutta Langenau,1956
1790,CAN,Elizabeth Whittall,1956
1791,CAN,Sara Barber-Jenkins,1956
1792,AUS,Dawn Fraser,1956
1793,AUS,Lorraine Joyce Crapp,1956
1794,AUS,Faith Yvonne Leech,1956
1795,USA,Joan Ann Rosazza,1956
1796,CAN,Virginia Grant,1956
1797,USA,Shelley Isabel Mann,1956
1798,NZL,Marrion Roe,1956
1799,RSA,Natalie Ann Myburgh,1956
1800,GER,Ursula Happe-Krey,1956
1801,HUN,Eva Szekely,1956
1802,GER,Eva-Maria Ten Elsen,1956
1803,YUG,Vinka Jeričević,1956
1804,HUN,Klara Killerman Bartos,1956
1805,GBR,Helen Orr Gordon-Mckay,1956
1806,USA,Mary Jane Sears,1956
1807,GBR,Christine Loraine Gosden,1956
1808,AUS,Lorraine Joyce Crapp,1956
1809,AUS,Dawn Fraser,1956
1810,USA,Sylvia Eliina Ruuska,1956
1811,USA,Marley Lynn Shriver,1956
1812,HUN,Rypszima Szekely,1956
1813,AUS,Sandra Anne Morgan,1956
1814,FRA,Heda Frost,1956
1815,HUN,Valeria Gyenge,1956
1816,AUS,Faith Yvonne Leech,1956
1816,AUS,Elizabeth Fraser,1956
1816,AUS,Lorraine Joyce Crapp,1956
1816,AUS,Dawn Fraser,1956
1816,AUS,Alva Colquhoun,1956
1816,AUS,Sandra Anne Morgan,1956
1817,USA,Sylvia Eliina Ruuska,1956
1817,USA,Joan Ann Rosazza,1956
1817,USA,Shelley Isabel Mann,1956
1817,USA,Nancy Joan Simons,1956
1817,USA,Marley Lynn Shriver,1956
1817,USA,Elizabeth Mullen Brey,1956
1817,USA,Kathryn Elizabeth Knapp,1956
1818,ZAF,Moira Abernethy,1956
1818,ZAF,Natalie Ann Myburgh,1956
1818,ZAF,Jeanette Evelyn Myburgh,1956
1818,ZAF,Susan Elizabeth Roberts,1956
1819,GER,Ingrid Kunzel,1956
1819,GER,Katharine (Kathi) Jansen,1956
1819,GER,Christel Steffin,1956
1819,GER,Hertha Haase,1956
1819,GER,Birgit Klomp,1956
1820,CAN,Elizabeth Whittall,1956
1820,CAN,Gladys Jean Priesley-Watson,1956
1820,CAN,Sara Barber-Jenkins,1956
1821,SWE,Anita Andersson,1956
1821,SWE,Karin Larsson,1956
1821,SWE,Anita Hellstrom,1956
1821,SWE,Birgitta Wangberg,1956
1821,SWE,Kate Jobson,1956
1822,HUN,Valeria Gyenge,1956
1822,HUN,Eva Szekely,1956
1822,HUN,Judith Temes,1956
1822,HUN,Katalin Szöke,1956
1823,GBR,Margaret Therese Girvan,1956
1823,GBR,Margaret Edwards,1956
1823,GBR,Fearne Ewart,1956
1823,GBR,Judith Brenda Grinham,1956
1823,GBR,Frances Hogben,1956
1824,RSA,Joan Cynthia Harrison,1952
1825,NED,Geertje Wielema,1952
1826,NZL,Jean Stewart,1952
1827,NED,Johanna Catharina De Korte,1952
1828,USA,Barbara Lynn Stark,1952
1829,GER,Gertrud Herrbruck,1952
1830,GBR,Margaret Gibson Mcdowell,1952
1831,NED,Hendrika Anna-Maria Van Der Horst,1952
1832,HUN,Katalin Szöke,1952
1833,NED,Johanna Maria Termeulen,1952
1834,HUN,Judith Temes,1952
1835,RSA,Joan Cynthia Harrison,1952
1836,USA,Joan Alderson,1952
1837,NED,Irma Heijting-Schuhmacher,1952
1838,USA,Mary Louise Stepan,1952
1839,GBR,Angela Mary Barnwell,1952
1840,HUN,Eva Szekely,1952
1841,HUN,Eva Novak-Gerard,1952
1842,GBR,Helen Orr Gordon-Mckay,1952
1843,HUN,Klara Killerman Bartos,1952
1844,DEN,Jytte Solveig Hansen,1952
1845,URS,Mariya Havrysh,1952
1846,SWE,Ulla-Britt Eklund,1952
1847,NED,Petronella Fredrika Garritsen,1952
1848,HUN,Valeria Gyenge,1952
1849,HUN,Eva Novak-Gerard,1952
1850,USA,Evelyn Tokue Kawamoto,1952
1851,USA,Carolyn Virginia Green,1952
1852,DEN,Ragnild Tove Hveger,1952
1853,HUN,Eva Szekely,1952
1854,ARG,Ana Maria Schultz,1952
1855,DEN,Greta Marie Andersen,1952
1856,HUN,Judith Temes,1952
1856,HUN,Eva Novak-Gerard,1952
1856,HUN,Eva Szekely,1952
1856,HUN,Katalin Szöke,1952
1856,HUN,Ilona Novak,1952
1857,NLD,Hendrika Anna-Maria Van Der Horst,1952
1857,NLD,Geertje Wielema,1952
1857,NLD,Marie-Louise Jean Linssen-Vaessen,1952
1857,NLD,Cornelia (Koosje) Van Voorn,1952
1857,NLD,Johanna Maria Termeulen,1952
1857,NLD,Irma Heijting-Schuhmacher,1952
1858,USA,Evelyn Tokue Kawamoto,1952
1858,USA,Mary Louise Stepan,1952
1858,USA,Joan Alderson,1952
1858,USA,Judith Theresa Roberts,1952
1859,DEN,Ragnild Tove Hveger,1952
1859,DEN,Rita Larsen,1952
1859,DEN,Greta Marie Andersen,1952
1859,DEN,Gerda Lilly Olsen,1952
1859,DEN,Mette Ove Petersen,1952
1860,GBR,Jean Annabel Botham,1952
1860,GBR,Phyllis Margaret Linton,1952
1860,GBR,Grace Wood,1952
1860,GBR,Lillian Preece,1952
1860,GBR,Angela Mary Barnwell,1952
1860,GBR,Daphne M. Wilkinson,1952
1861,SWE,Ingegärd Fredin,1952
1861,SWE,Anita Andersson,1952
1861,SWE,Marianne Lundquist,1952
1861,SWE,Maud Berglund,1952
1861,SWE,Ulla-Britt Eklund,1952
1862,GER,Elisabeth Rechlin,1952
1862,GER,Ursula Happe-Krey,1952
1862,GER,Katharine (Kathi) Jansen,1952
1862,GER,Gisela Arendt-Jacobs,1952
1862,GER,Wera Schäferkordt,1952
1863,FRA,Gaby Tanguy,1952
1863,FRA,Marysel Morandini,1952
1863,FRA,Ginette Jany-Sendral,1952
1863,FRA,Josette Arene,1952
1863,FRA,Odile Vouaux,1952
1863,FRA,Colette Thomas,1952
1864,DEN,Karen Margrethe Harup,1948
1865,USA,Suzanne Winona Zimmerman,1948
1866,AUS,Judith Joy Davies,1948
1867,HUN,Ilona Novak,1948
1868,NED,Hendrika Anna-Maria Van Der Horst,1948
1869,NED,Dirkje Van Ekris,1948
1870,USA,Muriel Jane Mellon,1948
1871,NED,Greetje Gaillard,1948
1872,DEN,Greta Marie Andersen,1948
1873,USA,Ann Elisabeth Curtis,1948
1874,NED,Marie-Louise Jean Linssen-Vaessen,1948
1875,DEN,Karen Margrethe Harup,1948
1876,SWE,Ingegärd Fredin,1948
1877,NED,Irma Heijting-Schuhmacher,1948
1878,SWE,Elisabeth Ahlgren,1948
1879,DEN,Fritze Wulf Carstensen,1948
1880,NED,Petronella (Nel) Van Vliet,1948
1881,AUS,Beatrice Nancy Lyons,1948
1882,HUN,Eva Novak-Gerard,1948
1883,HUN,Eva Szekely,1948
1884,NED,Adriana Elisabeth De Groot,1948
1885,GBR,Elizabeth Mabel Church,1948
1886,NED,Antonia Johanna Hom,1948
1887,DEN,Jytte Solveig Hansen,1948
1888,USA,Ann Elisabeth Curtis,1948
1889,DEN,Karen Margrethe Harup,1948
1890,GBR,Catherine Gibson,1948
1891,BEL,Fernande Caroen,1948
1892,USA,Brenda Merserau Helser,1948
1893,BRA,Piedade De Azevedo Coutinho,1948
1894,DEN,Fritze Wulf Carstensen,1948
1895,USA,Nancy Merki Lees,1948
1896,USA,Thelma H. Kalama,1948
1896,USA,Ann Elisabeth Curtis,1948
1896,USA,Brenda Merserau Helser,1948
1896,USA,Marie Louise Corridon,1948
1897,DEN,Greta Marie Andersen,1948
1897,DEN,Fritze Wulf Carstensen,1948
1897,DEN,Eva Johanne Riise,1948
1897,DEN,Karen Margrethe Harup,1948
1897,DEN,Elvi Johanne Svendsen,1948
1898,NLD,Margot Marsman,1948
1898,NLD,Johanna Maria Termeulen,1948
1898,NLD,Irma Heijting-Schuhmacher,1948
1898,NLD,Marie-Louise Jean Linssen-Vaessen,1948
1899,GBR,Margaret Olive Wellington,1948
1899,GBR,Patricia Eleanor Nielsen,1948
1899,GBR,Lillian Preece,1948
1899,GBR,Margaret Therese Girvan,1948
1899,GBR,Catherine Gibson,1948
1899,GBR,Phyllis Margaret Linton,1948
1900,HUN,Zsuzsa Nador,1948
1900,HUN,Eva Szekely,1948
1900,HUN,Eva Novak-Gerard,1948
1900,HUN,Ilona Novak,1948
1900,HUN,Judith Temes,1948
1901,BRA,Maria Angelica Leao Da Costa,1948
1901,BRA,Edith Nogueira Da Gama Groba,1948
1901,BRA,Talita De Alencar Rodrigues,1948
1901,BRA,Piedade De Azevedo Coutinho,1948
1902,FRA,Gisele Vallerey,1948
1902,FRA,Josette Arene,1948
1902,FRA,Ginette Jany-Sendral,1948
1902,FRA,Colette Thomas,1948
1903,SWE,Gisela Thidholm,1948
1903,SWE,Ingegärd Fredin,1948
1903,SWE,Elisabeth Ahlgren,1948
1903,SWE,Marianne Lundquist,1948
1904,NED,Dina Willemina Jacoba Senff,1936
1905,NED,Hendrika Mastenbroek,1936
1906,USA,Alice W. Bridges,1936
1907,USA,Edith Motridge,1936
1908,DEN,Tove Brunnstrom Madsen,1936
1909,GBR,Lorna Frampton,1936
1910,GBR,Phyllis Harding,1936
1911,CAN,Irene Pirie-Milton,1936
1912,NED,Hendrika Mastenbroek,1936
1913,ARG,Jeanette Morven Campbell,1936
1914,GER,Gisela Arendt-Jacobs,1936
1915,NED,Willemyntje (Willy) Den Ouden,1936
1916,NED,Catharina (Tini) Willemina Wagner,1936
1917,USA,Mary Olive Mckean,1936
1918,USA,Katherine Louise Rawls,1936
1919,BEL,Jeanne De Rademaecker-Eyckmans,1936
1920,JPN,Hideko Maehata,1936
1921,GER,Martha Genenger,1936
1922,DEN,Inge Sörensen,1936
1923,GER,Hanni Hölzner,1936
1924,NED,Johanna Maria Elizabeth Waalberg,1936
1925,GBR,Doris Storey,1936
1926,NED,Jeanette Hermine Kastein,1936
1927,AUT,Elfriede Freudenreich,1936
1928,NED,Hendrika Mastenbroek,1936
1929,DEN,Ragnild Tove Hveger,1936
1930,USA,Lenore Kight-Wingard,1936
1931,USA,Mary Lou Petty,1936
1932,BRA,Piedade De Azevedo Coutinho,1936
1933,JPN,Kazue Kojima,1936
1934,DEN,Grethe Ortved Frederiksen,1936
1935,NED,Catharina (Tini) Willemina Wagner,1936
1936,NLD,Johanna Katarina Selbach,1936
1936,NLD,Willemyntje (Willy) Den Ouden,1936
1936,NLD,Catharina (Tini) Willemina Wagner,1936
1936,NLD,Hendrika Mastenbroek,1936
1936,NLD,Anna Petronella Timmermans,1936
1937,GER,Maria Magdalene Lohmar -Henze,1936
1937,GER,Ursula Pollack,1936
1937,GER,Ruth Halbsguth,1936
1937,GER,Gisela Arendt-Jacobs,1936
1937,GER,Ingeborg Schmitz,1936
1938,USA,Mary Olive Mckean,1936
1938,USA,Elizabeth Ryan,1936
1938,USA,Dorothy June Schiller,1936
1938,USA,Bernice Ruth Lapp,1936
1938,USA,Mavis Anne Freeman,1936
1938,USA,Katherine Louise Rawls,1936
1939,CAN,Phyllis Dewar,1936
1939,CAN,Margaret Anne Stone,1936
1939,CAN,Mary Christine Mcconkey,1936
1939,CAN,Moel Gertrude Oxenbury-Morrow,1936
1939,CAN,Irene Pirie-Milton,1936
1940,HUN,Agnes Biro,1936
1940,HUN,Boriska Sothy,1936
1940,HUN,Ilona Acs,1936
1940,HUN,Vera Harsanyi,1936
1940,HUN,Magda Lenkei,1936
1941,GBR,Zilpha Grant,1936
1941,GBR,Audrey Morris Mavis Hancock,1936
1941,GBR,Margery Hinton,1936
1941,GBR,Edna Tildesley Hughes,1936
1941,GBR,Olive L. Wadham,1936
1941,GBR,Margaret K. Jeffrey,1936
1942,DEN,Grethe Ortved Frederiksen,1936
1942,DEN,Eva Johanne Riise,1936
1942,DEN,Ragnild Tove Hveger,1936
1942,DEN,Tove Brunnstrom Madsen,1936
1942,DEN,Elvi Johanne Svendsen,1936
1943,USA,Eleanor Holm,1932
1944,AUS,Bonnie Mealing,1932
1945,GBR,Elizabeth Valerie Davies,1932
1946,GBR,Phyllis Harding,1932
1947,USA,Joan Mcsheehy,1932
1948,GBR,Margaret Joyce Cooper,1932
1949,BRA,Maria Emma Lenk-Zigler,1932
1950,NED,Willemyntje (Willy) Den Ouden,1932
1951,USA,Helene Madison,1932
1952,NED,Willemyntje (Willy) Den Ouden,1932
1953,USA,Eleanor Saville,1932
1954,USA,Josephine Mckim,1932
1955,AUS,Neville Frances Bult,1932
1956,RSA,Jenny Maakal,1932
1957,AUS,Clare Dennis,1932
1958,JPN,Hideko Maehata,1932
1959,DEN,Else Agnes Ella Jacobsen,1932
1960,GBR,Margery Hinton,1932
1961,USA,Margaret Hoffman,1932
1962,USA,Anne B. Govednik,1932
1963,USA,Jane Cadwell,1932
1964,RSA,Jenny Maakal,1932
1965,USA,Helene Madison,1932
1966,USA,Lenore Kight-Wingard,1932
1967,RSA,Jenny Maakal,1932
1968,GBR,Margaret Joyce Cooper,1932
1969,FRA,Yvonne Godard,1932
1970,USA,Norene Forbes,1932
1971,USA,Eleanor Saville,1932
1971,USA,Helene Madison,1932
1971,USA,Helen Eileen Johns,1932
1971,USA,Josephine Mckim,1932
1972,NLD,Maria Vierdag,1932
1972,NLD,Willemyntje (Willy) Den Ouden,1932
1972,NLD,Maria Petronella Oversloot,1932
1972,NLD,Cornelia Ladde,1932
1973,GBR,Elizabeth Valerie Davies,1932
1973,GBR,Edna Tildesley Hughes,1932
1973,GBR,Helen Gradwell Varcoe,1932
1973,GBR,Margaret Joyce Cooper,1932
1974,CAN,Irene Pirie-Milton,1932
1974,CAN,Ruth Kerr,1932
1975,JPN,Misao Yokota,1932
1975,JPN,Yukie Arata,1932
1975,JPN,Kazue Kojima,1932
1975,JPN,Hatsuko Morioka,1932
1976,NED,Maria Johanna Philipsen-Braun,1928
1977,GBR,Ellen Elizabeth King,1928
1978,GBR,Margaret Joyce Cooper,1928
1979,USA,Marion Ulmer Gilman,1928
1980,USA,Eleanor Holm,1928
1981,USA,Lisa A. Lindstrom,1928
1982,NZL,Ena Stockley,1928
1983,NED,Willy Den Turk,1928
1984,USA,Albina Lucy Osipowich,1928
1985,USA,Eleanor Saville,1928
1986,GBR,Margaret Joyce Cooper,1928
1987,GBR,Jean H. Mcdowall,1928
1988,USA,Susanne E. Laird,1928
1989,GER,Lotte Lehmann,1928
1990,HUN,Sarolta Stieber,1928
1991,GER,Dora Schönemann,1928
1992,GER,Hilde Schrader,1928
1993,NED,Mietje Baron,1928
1994,GER,Charlotte Mühe,1928
1995,DEN,Else Agnes Ella Jacobsen,1928
1996,USA,Margaret Hoffman,1928
1997,SWE,Brita Hazelius,1928
1998,POL,Fitzówna Fitzówna,1928
1999,USA,Martha Norelius,1928
2000,NED,Maria Johanna Philipsen-Braun,1928
2001,USA,Josephine Mckim,1928
2002,GBR,Sarah Gillow Marshal Stewart,1928
2003,RSA,Freddie Van Der Goes,1928
2004,GBR,Vera Tanner,1928
2005,IRL,Marguerite Dockrell,1928
2006,POL,Halina Iżycka,1928
2007,USA,Eleanor Saville,1928
2007,USA,Albina Lucy Osipowich,1928
2007,USA,Martha Norelius,1928
2007,USA,Josephine Mckim,1928
2007,USA,Adelaide T. Lambert,1928
2007,USA,Susanne E. Laird,1928
2008,GBR,Ellen Elizabeth King,1928
2008,GBR,Sarah Gillow Marshal Stewart,1928
2008,GBR,Margaret Joyce Cooper,1928
2008,GBR,Vera Tanner,1928
2009,ZAF,Rhoda Rennie,1928
2010,GER,Irmintraut Schneider,1928
2011,FRA,Anne A. Dupire,1928
2011,FRA,Marguerite M. Ledoux,1928
2011,FRA,Claire M. Horrent,1928
2012,NLD,Maria Johanna Philipsen-Braun,1928
2012,NLD,Maria Vierdag,1928
2013,USA,Sybil Bauer,1924
2014,GBR,Phyllis Harding,1924
2015,USA,Aileen Riggin,1924
2016,USA,Florence Chambers,1924
2017,TCH,Jarmila Müllerova,1924
2018,DEN,Rigmor Olsen,1924
2019,USA,Ethel Lackie,1924
2020,USA,Mariechen Wehselau,1924
2021,USA,Gertrude Ederle,1924
2022,GBR,Constance Mabel Jeans,1924
2023,GBR,Vera Tanner,1924
2024,FRA,Gilberte Mortier,1924
2025,NED,Mietje Baron,1924
2026,NED,Alida Cornelia Bolten,1924
2027,GBR,Lucille Morton,1924
2028,USA,Agnes Geraghty,1924
2029,GBR,Gladys Carson,1924
2030,SWE,Wivan Pettersson,1924
2031,GBR,Irene Gilbert,1924
2032,LUX,Laury Koster,1924
2033,SWE,Hjördis Töpel,1924
2034,NED,Mietje Baron,1924
2035,USA,Martha Norelius,1924
2036,USA,Helen Wainwright,1924
2037,USA,Gertrude Ederle,1924
2038,GBR,Doris Molesworth,1924
2039,NZL,Gwitha Shand,1924
2040,DEN,M. Hansen,1924
2041,USA,Mariechen Wehselau,1924
2041,USA,Ethel Lackie,1924
2041,USA,Gertrude Ederle,1924
2042,GBR,Constance Mabel Jeans,1924
2042,GBR,Grace Mac Kenzie,1924
2042,GBR,Florence Barker,1924
2042,GBR,Vera Tanner,1924
2043,SWE,Aina Berg,1924
2043,SWE,Wivan Pettersson,1924
2043,SWE,Gurli Ewerlund,1924
2043,SWE,Hjördis Töpel,1924
2044,DEN,Vibeke Möller,1924
2044,DEN,Karen Maud Rasmussen,1924
2044,DEN,Hedevig Rasmussen,1924
2044,DEN,Agnete Olsen,1924
2045,FRA,Gilberte Mortier,1924
2045,FRA,Ernestine Lebrun,1924
2046,NLD,Alida Cornelia Bolten,1924
2046,NLD,Maria Vierdag,1924
2046,NLD,Mietje Baron,1924
2047,USA,Ethelda Bleibtrey,1920
2048,USA,Irene Guest,1920
2049,USA,Frances Schroth,1920
2050,GBR,Constance Mabel Jeans,1920
2051,NZL,Violet Walrond,1920
2052,SWE,Jane Gylling,1920
2053,USA,Charlotte Boyle,1920
2054,USA,Irene Guest,1920
2054,USA,Ethelda Bleibtrey,1920
2054,USA,Frances Schroth,1920
2054,USA,Margaret Woodbridge,1920
2055,GBR,Constance Mabel Jeans,1920
2055,GBR,Charlotte Radcliffe,1920
2055,GBR,Grace Mac Kenzie,1920
2055,GBR,Hilda James,1920
2056,SWE,Emy Machnow,1920
2056,SWE,Karin Nilsson,1920
2056,SWE,Aina Berg,1920
2056,SWE,Jane Gylling,1920
2057,ANZ,Fanny Durack,1912
2058,ANZ,Mina Wylie,1912
2059,GBR,Jennie Fletcher,1912
2060,GER,Grete Rosenberg,1912
2061,GBR,Annie Speirs,1912
2062,GBR,Irene Steer,1912
2063,NOR,Aagot Normann,1912
2064,GBR,Irene Steer,1912
2064,GBR,Jennie Fletcher,1912
2064,GBR,Isabella Mary Moore,1912
2064,GBR,Annie Speirs,1912
2065,GER,Wally Dressel,1912
2065,GER,Louise Otto,1912
2065,GER,Grete Rosenberg,1912
2065,GER,Hermine Stindt,1912
2066,AUT,Margarete Adler,1912
2066,AUT,Bertha Zahourek,1912
2066,AUT,Josephine Sticker,1912
2066,AUT,Klara Milch,1912
2067,SWE,Greta Carlsson,1912
2067,SWE,Vera Thulin,1912
2067,SWE,Sonja Johnsson,1912
2067,SWE,Greta Johansson,1912
